1766018554.7964737,RX,"0,0,0,0,0,0,0,0,0,0,0,0,1,-12,1,-12,1,-12,1,-11,1,-11,0,-11,0,-11,0,-10,0,-10,-1,-10,0,-10,-1,-11,-1,-10,-1,-10,-1,-9,-1,-10,-2,-10,-2,-9,-3,-10,-2,-10,-2,-9,-2,-9,-3,-9,-3,-10,-3,-10,-3,-10,0,0,-3,-10,-2,-10,-2,-10,-2,-11,-2,-10,-2,-10,-1,-10,-2,-10,-1,-10,-1,-9,-1,-10,-1,-9,-1,-9,0,-9,0,-9,0,-8,1,-8,1,-8,1,-8,1,-7,1,-7,1,-7,2,-7,2,-6,2,-6,2,-5,0,0,0,0,0,0,0,0,0,0"
1766018554.8139122,RX,"0,0,0,0,0,0,0,0,0,0,0,0,-12,1,-12,1,-12,2,-12,1,-11,2,-10,2,-10,2,-10,3,-10,2,-10,3,-10,2,-10,3,-9,3,-9,3,-9,3,-9,3,-9,4,-8,4,-8,5,-8,4,-8,4,-8,5,-8,5,-8,5,-9,5,-9,5,0,0,-9,5,-9,5,-9,5,-9,5,-8,4,-9,4,-9,4,-8,4,-9,4,-8,4,-9,3,-8,3,-8,3,-8,3,-8,2,-8,2,-8,2,-8,2,-7,1,-7,1,-7,1,-7,1,-7,0,-7,0,-6,-1,-6,-1,0,0,0,0,0,0,0,0,0,0"
1766018554.8350625,RX,"0,0,0,0,0,0,0,0,0,0,0,0,-11,-5,-11,-4,-12,-4,-11,-5,-10,-4,-10,-4,-10,-3,-10,-2,-10,-3,-10,-2,-10,-3,-10,-3,-10,-2,-10,-2,-9,-2,-10,-2,-10,-1,-9,-1,-10,0,-10,-1,-9,0,-10,0,-9,0,-10,0,-10,-1,-10,0,0,0,-10,0,-10,-1,-10,-1,-10,-1,-10,-1,-10,-1,-10,-1,-10,-1,-10,-2,-9,-2,-10,-2,-9,-2,-9,-2,-8,-3,-8,-3,-8,-3,-8,-3,-8,-3,-7,-3,-7,-3,-7,-3,-6,-3,-6,-4,-6,-4,-5,-4,-5,-4,0,0,0,0,0,0,0,0,0,0"
1766018554.8541856,RX,"0,0,0,0,0,0,0,0,0,0,0,0,0,-12,0,-12,0,-12,0,-11,0,-11,-1,-11,-1,-11,-1,-10,-1,-10,-2,-10,-1,-10,-2,-11,-2,-10,-2,-10,-2,-9,-2,-10,-3,-10,-3,-9,-4,-9,-4,-9,-3,-9,-4,-9,-4,-9,-4,-9,-4,-10,-4,-10,0,0,-4,-10,-4,-10,-4,-10,-4,-10,-3,-10,-3,-9,-3,-10,-3,-9,-2,-10,-3,-9,-2,-10,-2,-9,-2,-9,-1,-9,-1,-8,-1,-8,-1,-8,-1,-8,0,-8,0,-7,0,-7,0,-7,1,-7,1,-7,1,-6,1,-6,0,0,0,0,0,0,0,0,0,0"
1766018554.8754644,RX,"0,0,0,0,0,0,0,0,0,0,0,0,-6,-10,-6,-10,-7,-10,-6,-10,-6,-9,-6,-8,-7,-8,-7,-8,-6,-8,-7,-7,-6,-8,-7,-8,-7,-7,-7,-7,-7,-6,-7,-7,-8,-6,-7,-6,-8,-6,-8,-6,-7,-5,-8,-6,-8,-5,-8,-6,-8,-6,-8,-6,0,0,-8,-6,-8,-6,-8,-6,-8,-7,-8,-6,-8,-7,-7,-6,-7,-6,-7,-7,-7,-6,-6,-7,-6,-6,-6,-6,-6,-7,-5,-7,-5,-7,-5,-7,-5,-6,-4,-6,-4,-6,-4,-6,-3,-6,-3,-6,-3,-6,-2,-6,-2,-6,0,0,0,0,0,0,0,0,0,0"
1766018554.9011343,RX,"0,0,0,0,0,0,0,0,0,0,0,0,-7,-9,-7,-10,-7,-9,-7,-10,-7,-9,-7,-9,-7,-8,-7,-8,-7,-8,-7,-7,-7,-7,-8,-7,-8,-7,-8,-7,-8,-6,-8,-7,-8,-7,-8,-6,-9,-6,-8,-6,-8,-5,-8,-6,-8,-5,-9,-5,-9,-6,-9,-5,0,0,-9,-6,-8,-6,-9,-6,-9,-6,-8,-6,-8,-6,-8,-7,-8,-6,-7,-7,-7,-6,-7,-7,-7,-6,-7,-6,-6,-6,-5,-6,-6,-7,-5,-6,-5,-6,-5,-6,-4,-6,-4,-6,-4,-6,-3,-6,-3,-6,-3,-6,-2,-6,0,0,0,0,0,0,0,0,0,0"
1766018554.9238353,RX,"0,0,0,0,0,0,0,0,0,0,0,0,7,-9,7,-9,7,-9,7,-8,6,-8,6,-8,6,-8,5,-8,6,-8,5,-9,5,-8,5,-9,5,-9,5,-8,4,-8,5,-9,4,-9,3,-8,3,-9,3,-9,3,-8,3,-9,3,-9,3,-9,3,-9,3,-10,0,0,4,-9,4,-9,4,-9,4,-9,4,-9,4,-8,4,-8,4,-8,5,-8,4,-8,5,-8,4,-7,4,-7,5,-6,5,-6,5,-6,5,-5,5,-6,5,-5,4,-5,5,-4,5,-4,4,-4,5,-3,4,-3,4,-2,0,0,0,0,0,0,0,0,0,0"
1766018554.9512067,RX,"0,0,0,0,0,0,0,0,0,0,0,0,-11,-5,-11,-5,-11,-5,-11,-5,-10,-4,-10,-4,-10,-4,-10,-3,-10,-3,-10,-3,-10,-3,-10,-3,-10,-3,-10,-3,-9,-2,-10,-2,-10,-2,-9,-1,-10,-1,-10,-1,-9,-1,-10,-1,-9,-1,-10,-1,-10,-1,-10,-1,0,0,-10,-1,-10,-1,-10,-1,-10,-1,-10,-1,-10,-2,-10,-2,-10,-2,-9,-2,-9,-2,-9,-3,-9,-2,-8,-3,-8,-3,-8,-3,-8,-3,-8,-3,-7,-4,-7,-4,-7,-3,-6,-4,-6,-4,-6,-4,-5,-4,-5,-4,-4,-4,0,0,0,0,0,0,0,0,0,0"
1766018554.9700878,RX,"0,0,0,0,0,0,0,0,0,0,0,0,6,-10,6,-10,6,-11,6,-9,5,-10,5,-9,5,-9,4,-9,4,-9,4,-10,4,-9,4,-10,3,-9,3,-9,3,-9,3,-10,2,-9,2,-9,2,-9,2,-9,2,-9,1,-9,1,-9,1,-10,2,-10,2,-10,0,0,2,-10,2,-10,2,-10,2,-11,2,-9,2,-10,2,-9,2,-9,3,-9,3,-9,3,-9,3,-8,3,-8,3,-7,4,-8,3,-7,3,-7,4,-7,3,-6,3,-6,4,-6,4,-5,4,-5,4,-5,4,-4,4,-4,0,0,0,0,0,0,0,0,0,0"
1766018554.9885242,RX,"0,0,0,0,0,0,0,0,0,0,0,0,1,-11,1,-11,1,-12,1,-11,1,-11,0,-10,0,-10,0,-10,0,-10,-1,-10,0,-10,-1,-10,-1,-10,-1,-10,-1,-9,-1,-10,-2,-10,-2,-9,-2,-9,-2,-10,-2,-9,-2,-9,-3,-9,-3,-10,-3,-10,-3,-10,0,0,-3,-10,-2,-10,-2,-10,-2,-10,-2,-10,-2,-10,-2,-10,-2,-9,-1,-9,-1,-9,-1,-9,-1,-9,-1,-9,0,-9,0,-8,0,-8,1,-8,0,-8,1,-7,1,-7,1,-7,1,-7,2,-6,2,-6,2,-5,2,-5,0,0,0,0,0,0,0,0,0,0"
1766018555.007114,RX,"0,0,0,0,0,0,0,0,0,0,0,0,11,-3,11,-4,10,-4,10,-3,9,-3,9,-4,9,-4,9,-5,9,-4,8,-5,8,-4,9,-5,8,-5,8,-5,7,-5,8,-5,8,-6,7,-5,7,-6,7,-6,6,-6,7,-6,6,-6,7,-7,7,-6,7,-7,0,0,7,-7,7,-6,7,-7,8,-7,7,-6,7,-6,7,-6,7,-6,7,-5,7,-5,8,-5,7,-5,7,-4,7,-4,7,-3,7,-3,6,-3,6,-3,6,-3,6,-3,6,-2,6,-2,6,-2,6,-1,5,-1,5,0,0,0,0,0,0,0,0,0,0,0"
1766018555.030338,RX,"0,0,0,0,0,0,0,0,0,0,0,0,3,-11,3,-11,3,-12,3,-11,2,-11,2,-10,2,-11,1,-10,1,-10,0,-10,1,-10,1,-10,0,-10,0,-10,0,-9,1,-10,0,-10,0,-9,-1,-10,-1,-10,-1,-9,-1,-10,-1,-9,-1,-10,-1,-10,-1,-10,0,0,-1,-11,-1,-10,0,-10,0,-11,0,-10,0,-10,0,-10,0,-10,0,-10,0,-9,1,-9,1,-9,1,-9,1,-9,2,-8,2,-8,2,-8,2,-8,2,-7,2,-7,2,-7,3,-6,3,-6,3,-6,3,-5,3,-5,0,0,0,0,0,0,0,0,0,0"
1766018555.0489993,RX,"0,0,0,0,0,0,0,0,0,0,0,0,6,-10,6,-11,5,-11,6,-10,5,-10,5,-10,4,-10,4,-10,4,-10,3,-10,4,-10,3,-10,3,-10,3,-10,2,-9,3,-10,2,-10,1,-9,1,-10,1,-10,1,-9,1,-10,1,-9,1,-10,1,-10,1,-11,0,0,1,-11,1,-10,1,-11,2,-10,1,-10,2,-10,2,-10,2,-10,2,-9,2,-9,3,-9,2,-9,2,-8,3,-8,3,-8,3,-8,3,-7,3,-7,3,-7,3,-6,4,-6,3,-6,4,-5,4,-5,4,-4,4,-4,0,0,0,0,0,0,0,0,0,0"
1766018555.066935,RX,"0,0,0,0,0,0,0,0,0,0,0,0,9,-5,9,-6,9,-6,9,-5,8,-6,8,-5,8,-6,8,-6,8,-6,7,-6,8,-6,8,-6,7,-6,7,-6,6,-6,7,-7,6,-7,6,-7,6,-7,6,-7,5,-7,5,-7,5,-7,6,-8,6,-7,6,-8,0,0,6,-8,6,-7,6,-7,6,-8,6,-7,6,-7,6,-7,6,-7,6,-6,6,-6,7,-6,6,-5,6,-5,6,-5,6,-5,6,-4,6,-4,6,-4,6,-4,6,-3,6,-3,5,-3,5,-2,5,-2,5,-1,5,-1,0,0,0,0,0,0,0,0,0,0"
1766018555.0822868,RX,"0,0,0,0,0,0,0,0,0,0,0,0,3,10,3,10,4,10,3,10,3,9,3,9,4,8,4,8,3,8,4,8,4,8,4,8,4,7,4,7,5,7,4,7,5,7,5,6,6,7,5,7,5,6,5,6,5,6,6,6,5,7,6,7,0,0,6,7,5,7,6,7,5,7,5,7,5,7,5,7,4,7,4,7,4,7,4,7,3,7,3,7,3,7,2,6,2,7,2,6,2,6,1,6,1,6,1,6,0,6,0,6,0,6,-1,5,-1,5,0,0,0,0,0,0,0,0,0,0"
1766018555.1019254,RX,"0,0,0,0,0,0,0,0,0,0,0,0,2,-11,2,-12,1,-12,1,-11,1,-11,1,-11,0,-11,0,-10,0,-10,-1,-10,0,-10,0,-10,-1,-10,-1,-10,-1,-9,-1,-10,-2,-10,-2,-9,-2,-10,-3,-9,-2,-9,-3,-9,-3,-9,-3,-10,-2,-10,-3,-10,0,0,-3,-10,-2,-10,-3,-10,-2,-10,-2,-10,-2,-10,-2,-10,-2,-10,-2,-9,-1,-9,-1,-9,-1,-9,-1,-9,0,-9,0,-8,0,-8,0,-8,0,-8,0,-7,0,-7,1,-7,1,-7,1,-6,2,-6,2,-5,2,-5,0,0,0,0,0,0,0,0,0,0"
1766018555.1193182,RX,"0,0,0,0,0,0,0,0,0,0,0,0,-4,-11,-4,-11,-5,-11,-4,-11,-5,-10,-5,-10,-5,-9,-5,-9,-5,-9,-6,-9,-5,-9,-5,-9,-6,-9,-5,-8,-6,-7,-6,-8,-6,-7,-6,-7,-7,-7,-7,-7,-6,-7,-7,-7,-6,-7,-7,-7,-7,-8,-7,-7,0,0,-7,-7,-7,-8,-7,-7,-7,-8,-6,-7,-7,-7,-6,-8,-6,-7,-6,-8,-6,-7,-5,-8,-5,-7,-5,-7,-4,-7,-4,-7,-4,-7,-3,-8,-3,-7,-3,-7,-3,-7,-3,-7,-2,-6,-2,-7,-1,-7,-1,-6,-1,-6,0,0,0,0,0,0,0,0,0,0"
1766018555.1410258,RX,"0,0,0,0,0,0,0,0,0,0,0,0,-2,-12,-2,-12,-2,-12,-2,-11,-2,-11,-2,-10,-3,-10,-3,-10,-2,-10,-3,-10,-3,-10,-3,-10,-4,-10,-3,-9,-4,-9,-4,-9,-4,-9,-4,-8,-5,-9,-5,-9,-5,-8,-5,-8,-5,-8,-5,-9,-5,-9,-5,-9,0,0,-5,-9,-5,-9,-5,-9,-5,-9,-4,-9,-5,-9,-4,-9,-4,-9,-4,-9,-4,-9,-3,-9,-3,-8,-3,-8,-3,-8,-2,-8,-2,-8,-2,-8,-2,-8,-2,-7,-1,-7,-1,-7,0,-7,0,-7,0,-6,1,-6,1,-6,0,0,0,0,0,0,0,0,0,0"
1766018555.3103228,RX,"0,0,0,0,0,0,0,0,0,0,0,0,-8,-8,-8,-8,-8,-8,-8,-8,-8,-7,-8,-7,-8,-7,-8,-6,-7,-6,-8,-6,-8,-6,-8,-6,-8,-5,-8,-5,-8,-5,-8,-6,-8,-5,-8,-4,-8,-4,-8,-4,-8,-4,-8,-4,-8,-4,-9,-4,-9,-4,-9,-4,0,0,-9,-4,-9,-5,-9,-5,-9,-5,-8,-5,-8,-5,-8,-5,-8,-5,-8,-5,-8,-5,-7,-5,-7,-5,-7,-5-8,6,-7,7,-6,7,-6,7,-6,7,-6,6,-6,7,-6,7,-6,8,-6,7,-6,8,0,0,-6,-8,6,-7,7,-6,7,-6,7,-6,7,-6,6,-6,7,-6,7,-6,8,-6,7,-6,8,0,0,-6,-8,6,-7,7,-6,7,-6,7,-6,7,-6,6,-6,7,-6,7,-6,8,-6,7,-6,8,0,0,-6,-8,6,-7,7,-6,7,-6,7,-6,7,-6,6,-6,7,-6,7,-6,8,-6,7,-6,8,0,0,-6,-8,6,-7,7,-6,7,-6,7,-6,7,-6,6,-6,7,-6,7,-6,8,-6,7,-6,8,0,0,-6,-8,6,-7,7,-6,7,-6,7,-6,7,-6,6,-6,7,-6,7,-6,8,-6,7,-6,8,0,0,-6,-8,6,-7,7,-6,7,-6,7,-6,7,-6,6,-6,7,-6,7,-6,8,-6,7,-6,8,0,0,-6,-8,6,-7,7,-6,7,-6,7,-6,7,-6,6,-6,7,-6,7,-6,8,-6,7,-6,8,0,0,-6,-8,6,-7,7,-6,7,-6,7,-6,7,-6,6,-6,7,-6,7,-6,8,-6,7,-6,8,0,0,-6,-8,6,-7,7,-6,7,-6,7,-6,7,-6,6,-6,7,-6,7,-6,8,-6,7,-6,8,0,0,-6,-8,6,-7,7,-6,7,-6,7,-6,7,-6,6,-6,7,-6,7,-6,8,-6,7,-6,8,0,0,-6,-8,6,-7,7,-6,7,-6,7,-6,7,-6,6,-6,7,-6,7,-6,8,-6,7,-6,8,0,0,-6,-8,6,-7,7,-6,7,-6,7,-6,7,-6,6,-6,7,-6,7,-6,8,-6,7,-6,8,0,0,-6,-8,6,-7,7,-6,7,-6,7,-6,7,-6,6,-6,7,-6,7,-6,8,-6,7,-6,8,0,0,-6,-8,6,-7,7,-6,7,-6,7,-6,7,-6,6,-6,7,-6,7,-6,8,-6,7,-6,8,0,0,-6,-8,6,-7,7,-6,7,-6,7,-6,7,-6,6,-6,7,-6,7,-6,8,-6,7,-6,8,0,0,-6,-8,6,-7,7,-6,7,-6,7,-6,7,-6,6,-6,7,-6,7,-6,8,-6,7,-6,8,0,0,-6,-8,6,-7,7,-6,7,-6,7,-6,7,-6,6,-6,7,-6,7,-6,8,-6,7,-6,8,0,0,-6,-8,6,-7,7,-6,7,-6,7,-6,7,-6,6,-6,7,-6,7,-6,8,-6,7,-6,8,0,0,-6,-8,6,-7,7,-6,7,-6,7,-6,7,7,-7,7,-6,7,-7,6,-7,6,-7,6,-6,5,-7,5,8,-7,7,-7,7,-7,7,-6,7,-7,7,-7,7,-6,7,-7,6,-7,6,-7,6,-6,5,-7,5,8,-7,7,-7,7,-7,7,-6,7,-7,7,-7,7,-6,7,-7,6,-7,6,-7,6,-6,5,-7,5,8,-7,7,-7,7,-7,7,-6,7,-7,7,-7,7,-6,7,-7,6,-7,6,-7,6,-6,5,-7,5,8,-7,7,-7,7,-7,7,-6,7,-7,7,-7,7,-6,7,-7,6,-7,6,-7,6,-6,5,-7,5,8,-7,7,-7,7,-7,7,-6,7,-7,7,-7,7,-6,7,-7,6,-7,6,-7,6,-6,5,-7,5,8,-7,7,-7,7,-7,7,-6,7,-7,7,-7,7,-6,7,-7,6,-7,6,-7,6,-6,5,-7,5,8,-7,7,-7,7,-7,7,-6,7,-7,7,-7,7,-6,7,-7,6,-7,6,-7,6,-6,5,-7,5,8,-7,7,-7,7,-7,7,-6,7,-7,7,-7,7,-6,7,-7,6,-7,6,-7,6,-6,5,-7,5,8,-7,7,-7,7,-7,7,-6,7,-7,7,-7,7,-6,7,-7,6,-7,6,-7,6,-6,5,-7,5,8,-7,7,-7,7,-7,7,-6,7,-7,7,-7,7,-6,7,-7,6,-7,6,-7,6,-6,5,-7,5,8,-7,7,-7,7,-7,7,-6,7,-7,7,-7,7,-6,7,-7,6,-7,6,-7,6,-6,5,-7,5,8,-7,7,-7,7,-7,7,-6,7,-7,7,-7,7,-6,7,-7,6,-7,6,-7,6,-6,5,-7,5,8,-7,7,-7,7,-7,7,-6,7,-7,7,-7,7,-6,7,-7,6,-7,6,-7,6,-6,5,-7,5,8,-7,7,-7,7,-7,7,-6,7,-7,7,-7,7,-6,7,-7,6,-7,6,-7,6,-6,5,-7,5,8,-7,7,-7,7,-7,7,-6,7,-7,7,-7,7,-6,7,-7,6,-7,6,-7,6,-6,5,-7,5,8,-7,7,-7,7,-7,7,-6,7,-7,7,-7,7,-6,7,-7,6,-7,6,-7,6,-6,5,-7,5,8,-7,7,-7,7,-7,7,-6,7,-7,7,-7,7,-6,7,-7,6,-7,6,-7,6,-6,5,-7,5,8,-7,7,-7,7,-7,7,-6,7,-7,7,-7,7,-6,7,-7,6,-7,6,-7,6,-6,5,-7,5,8,-7,7,-7,7,-7,7,-6,7,-7,7,-7,7,-6,7,-7,6,-2,-6,2,-6,2,-6,1,-6-7,5,-7,4,-7,4,-7,4,-7,4,-7,4,-6,3,-6,3,-6,2,-6,2,-6,2,-6,1,-6-7,5,-7,4,-7,4,-7,4,-7,4,-7,4,-6,3,-6,3,-6,2,-6,2,-6,2,-6,1,-6-7,5,-7,4,-7,4,-7,4,-7,4,-7,4,-6,3,-6,3,-6,2,-6,2,-6,2,-6,1,-6-7,5,-7,4,-7,4,-7,4,-7,4,-7,4,-6,3,-6,3,-6,2,-6,2,-6,2,-6,1,-6-7,5,-7,4,-7,4,-7,4,-7,4,-7,4,-6,3,-6,3,-6,2,-6,2,-6,2,-6,1,-6-7,5,-7,4,-7,4,-7,4,-7,4,-7,4,-6,3,-6,3,-6,2,-6,2,-6,2,-6,1,-6-7,5,-7,4,-7,4,-7,4,-7,4,-7,4,-6,3,-6,3,-6,2,-6,2,-6,2,-6,1,-6-7,5,-7,4,-7,4,-7,4,-7,4,-7,4,-6,3,-6,3,-6,2,-6,2,-6,2,-6,1,-6-7,5,-7,4,-7,4,-7,4,-7,4,-7,4,-6,3,-6,3,-6,2,-6,2,-6,2,-6,1,-6-7,5,-7,4,-7,4,-7,4,-7,4,-7,4,-6,3,-6,3,-6,2,-6,2,-6,2,-6,1,-6-7,5,-7,4,-7,4,-7,4,-7,4,-7,4,-6,3,-6,3,-6,2,-6,2,-6,2,-6,1,-6-7,5,-7,4,-7,4,-7,4,-7,4,-7,4,-6,3,-6,3,-6,2,-6,2,-6,2,-6,1,-6,1,0,0,0,0,0,0,0,0,0,0"
1766018555.3272607,RX,"0,0,0,0,0,0,0,0,0,0,0,0,-2,10,-1,11,-1,11,-2,10,-1,10,-1,10,-1,10,0,9,-1,9,0,9,0,9,0,9,0,9,0,9,1,8,1,9,1,9,1,8,2,8,2,8,2,8,2,8,2,8,2,9,2,8,2,9,0,0,2,9,2,9,2,9,2,9,2,9,1,9,1,9,1,8,1,8,1,8,0,8,0,8,0,8,0,8,-1,7,-1,7,-1,7,-1,7,-1,7,-1,6,-2,6,-2,6,-2,5,-2,5,-3,5,-3,4,0,0,0,0,0,0,0,0,0,0"
1766018555.3444736,RX,"0,0,0,0,0,0,0,0,0,0,0,0,11,-2,11,-2,11,-2,11,-1,10,-2,10,-2,10,-3,9,-3,9,-3,9,-3,9,-3,9,-3,9,-3,9,-3,8,-4,9,-4,8,-5,8,-4,8,-5,8,-5,7,-5,7,-5,7,-5,8,-6,8,-5,8,-6,0,0,8,-6,8,-5,8,-6,8,-5,8,-5,8,-5,8,-5,8,-5,8,-4,8,-4,8,-4,7,-3,7,-3,8,-3,7,-3,7,-3,7,-2,7,-2,6,-2,6,-2,6,-1,6,-1,6,-1,6,0,5,0,5,0,0,0,0,0,0,0,0,0,0,0"
1766018555.365009,RX,"0,0,0,0,0,0,0,0,0,0,0,0,-9,-8,-9,-8,-9,-8,-9,-8,-9,-7,-9,-7,-9,-7,-9,-6,-8,-6,-9,-5,-9,-6,-9,-5,-9,-5,-9,-5,-9,-5,-9,-5,-9,-4,-9,-4,-9,-4,-9,-4,-8,-4,-9,-4,-9,-3,-10,-3,-9,-4,-10,-4,0,0,-9,-4,-9,-4,-10,-4,-9,-4,-9,-4,-9,-4,-9,-5,-9,-4,-8,-5,-8,-5,-8,-5,-8,-5,-7,-5,-7,-5,-7,-5,-6,-5,-6,-5,-6,-5,-6,-5,-5,-5,-5,-5,-4,-5,-4,-5,-4,-6,-3,-5,-3,-5,0,0,0,0,0,0,0,0,0,0"
1766018555.3799992,RX,"0,0,0,0,0,0,0,0,0,0,0,0,1,11,1,10,2,11,1,10,1,10,1,9,2,9,2,9,2,9,3,9,2,9,2,9,2,9,3,8,3,8,3,8,4,8,4,7,4,8,4,7,4,7,4,7,4,7,4,8,4,8,4,8,0,0,4,8,4,8,4,8,4,8,4,8,4,8,4,8,3,8,3,8,3,8,2,8,2,7,2,7,2,7,1,7,1,7,1,7,1,6,1,6,0,6,0,6,0,6,-1,6,-1,5,-1,5,-2,5,0,0,0,0,0,0,0,0,0,0"
1766018555.399729,RX,"0,0,0,0,0,0,0,0,0,0,0,0,-7,9,-7,9,-6,9,-7,9,-6,8,-6,9,-5,8,-5,8,-5,8,-4,8,-5,8,-5,8,-4,8,-4,8,-4,8,-4,8,-3,9,-3,8,-3,9,-3,8,-2,8,-3,8,-2,8,-2,9,-3,9,-2,9,0,0,-3,9,-3,8,-3,9,-3,9,-3,8,-3,8,-4,8,-3,8,-4,8,-4,7,-4,8,-4,7,-4,7,-4,7,-4,6,-5,6,-4,6,-5,6,-5,5,-5,5,-5,4,-5,4,-5,4,-5,3,-5,3,-5,2,0,0,0,0,0,0,0,0,0,0"
1766018555.4337764,RX,"0,0,0,0,0,0,0,0,0,0,0,0,4,10,4,10,5,10,4,9,4,9,4,9,4,8,4,8,4,8,5,8,5,8,5,8,5,7,5,7,5,6,5,7,6,6,5,6,6,6,6,6,6,6,6,6,6,5,7,6,6,6,7,6,0,0,7,6,6,6,7,6,7,6,6,6,6,6,6,6,6,6,5,6,5,6,5,6,5,6,5,6,4,6,4,6,4,6,3,6,3,6,3,6,2,5,2,5,2,5,1,5,1,5,1,5,0,5,0,0,0,0,0,0,0,0,0,0"
1766018555.4543655,RX,"0,0,0,0,0,0,0,0,0,0,0,0,-3,-11,-3,-11,-3,-12,-3,-11,-3,-11,-3,-10,-3,-10,-3,-10,-3,-10,-4,-10,-3,-10,-4,-10,-4,-9,-4,-9,-4,-9,-4,-9,-5,-9,-5,-8,-5,-8,-5,-8,-5,-8,-5,-8,-5,-8,-6,-8,-5,-9,-6,-9,0,0,-6,-9,-5,-9,-5,-9,-5,-9,-5,-9,-5,-9,-4,-9,-4,-9,-4,-9,-4,-9,-3,-9,-3,-8,-3,-8,-3,-8,-2,-8,-2,-8,-2,-8,-2,-8,-1,-7,-1,-7,-1,-7,-1,-7,0,-7,0,-7,0,-6,1,-6,0,0,0,0,0,0,0,0,0,0"
1766018555.4684193,RX,"0,0,0,0,0,0,0,0,0,0,0,0,7,8,7,7,8,8,7,7,7,7,7,6,7,6,7,6,7,6,7,5,7,6,7,5,7,5,7,5,7,4,8,4,8,4,7,4,8,3,8,3,7,3,8,3,8,3,9,3,8,3,8,3,0,0,8,3,8,3,8,3,9,3,8,4,8,4,8,4,8,4,7,4,7,4,7,4,6,4,6,4,6,4,6,4,6,4,5,4,5,4,5,4,4,4,4,4,4,4,3,4,3,5,2,4,2,4,0,0,0,0,0,0,0,0,0,0"
1766018555.4930942,RX,"0,0,0,0,0,0,0,0,0,0,0,0,-6,-10,-6,-10,-7,-10,-6,-10,-6,-9,-6,-9,-6,-9,-7,-8,-6,-8,-7,-8,-6,-8,-7,-8,-7,-7,-7,-7,-7,-7,-7,-7,-7,-7,-7,-6,-8,-6,-8,-6,-7,-6,-8,-6,-8,-6,-8,-6,-8,-6,-8,-6,0,0,-8,-6,-8,-6,-8,-6,-8,-7,-8,-6,-8,-7,-7,-7,-7,-6,-7,-7,-7,-7,-7,-7,-6,-7,-6,-6,-6,-7,-5,-7,-5,-7,-5,-7,-5,-6,-5,-7,-4,-6,-4,-6,-3,-6,-3,-6,-3,-6,-2,-6,-2,-6,0,0,0,0,0,0,0,0,0,0"
1766018555.5128825,RX,"0,0,0,0,0,0,0,0,0,0,0,0,-11,-5,-11,-5,-11,-4,-11,-5,-10,-4,-10,-4,-10,-4,-10,-3,-10,-4,-10,-3,-10,-3,-10,-3,-10,-2,-10,-2,-9,-2,-10,-2,-10,-1,-9,-1,-10,-1,-10,-1,-9,-1,-9,-1,-9,0,-10,0,-10,-1,-10,0,0,0,-10,0,-10,-1,-10,-1,-10,-1,-10,-1,-10,-1,-10,-2,-9,-1,-9,-2,-9,-2,-9,-2,-8,-2,-8,-2,-8,-3,-8,-3,-8,-3,-7,-3,-8,-3,-7,-3,-7,-3,-6,-3,-6,-3,-6,-4,-6,-4,-5,-4,-4,-4,0,0,0,0,0,0,0,0,0,0"
1766018555.5273538,RX,"0,0,0,0,0,0,0,0,0,0,0,0,9,3,9,3,10,3,9,3,9,3,9,2,9,2,9,1,9,2,9,1,8,2,9,1,9,1,8,1,8,0,9,0,8,-1,8,-1,9,-1,8,-1,8,-1,8,-1,8,-1,9,-1,8,-1,9,-1,0,0,9,-2,9,-1,9,-1,9,-1,8,-1,8,-1,8,-1,8,-1,8,0,8,0,8,0,7,0,7,0,7,0,7,1,7,1,7,1,6,1,6,1,6,1,6,1,5,2,5,2,5,2,4,2,4,2,0,0,0,0,0,0,0,0,0,0"
1766018555.5480363,RX,"0,0,0,0,0,0,0,0,0,0,0,0,-8,-8,-9,-8,-9,-8,-8,-8,-8,-7,-8,-7,-8,-7,-8,-6,-8,-7,-8,-6,-8,-6,-9,-6,-9,-5,-9,-5,-9,-5,-8,-5,-9,-5,-8,-4,-9,-4,-9,-4,-8,-4,-9,-4,-8,-4,-9,-4,-9,-4,-10,-4,0,0,-10,-4,-9,-4,-10,-5,-9,-4,-9,-4,-9,-5,-9,-5,-8,-5,-8,-5,-8,-5,-8,-5,-7,-5,-7,-5,-7,-6,-6,-5,-6,-6,-6,-5,-6,-6,-5,-5,-5,-5,-5,-5,-4,-5,-4,-5,-4,-6,-3,-5,-3,-5,0,0,0,0,0,0,0,0,0,0"
1766018555.5643072,RX,"0,0,0,0,0,0,0,0,0,0,0,0,7,-8,7,-8,7,-9,7,-8,7,-8,6,-8,6,-8,6,-8,5,-8,5,-8,6,-8,6,-8,5,-8,5,-8,4,-8,5,-8,4,-9,4,-8,3,-9,3,-9,3,-8,3,-9,3,-9,3,-9,4,-9,3,-9,0,0,3,-9,4,-9,4,-9,4,-10,4,-9,4,-9,4,-9,4,-8,4,-8,4,-8,5,-8,4,-7,5,-7,4,-7,5,-6,5,-6,5,-6,5,-6,4,-6,4,-5,5,-5,4,-4,5,-4,5,-3,5,-3,4,-3,0,0,0,0,0,0,0,0,0,0"
1766018555.5845928,RX,"0,0,0,0,0,0,0,0,0,0,0,0,-5,-11,-5,-10,-6,-11,-5,-10,-6,-10,-6,-9,-6,-9,-6,-9,-6,-8,-6,-8,-6,-9,-6,-9,-6,-8,-6,-8,-6,-7,-7,-8,-7,-7,-7,-7,-8,-6,-7,-6,-7,-6,-8,-6,-7,-6,-8,-6,-7,-7,-8,-7,0,0,-8,-6,-8,-7,-8,-7,-8,-7,-8,-7,-8,-7,-7,-7,-7,-7,-7,-7,-7,-7,-6,-7,-6,-7,-6,-7,-5,-7,-5,-7,-5,-7,-5,-7,-4,-7,-4,-6,-4,-6,-4,-6,-3,-6,-3,-6,-2,-6,-2,-6,-1,-6,0,0,0,0,0,0,0,0,0,0"
1766018555.6039808,RX,"0,0,0,0,0,0,0,0,0,0,0,0,-11,-3,-11,-3,-12,-3,-11,-3,-11,-3,-10,-3,-11,-2,-10,-2,-10,-2,-10,-2,-10,-2,-10,-1,-10,-1,-10,-1,-9,-1,-10,-1,-10,0,-9,0,-10,1,-10,0,-9,0,-9,1,-9,1,-10,1,-10,0,-10,1,0,0,-10,1,-10,1,-10,0,-10,1,-10,0,-10,0,-10,0,-9,0,-10,0,-9,-1,-10,-1,-9,-1,-8,-1,-8,-1,-8,-2,-8,-2,-8,-2,-8,-2,-7,-2,-7,-2,-7,-3,-6,-3,-6,-3,-6,-3,-5,-3,-5,-3,0,0,0,0,0,0,0,0,0,0"
1766018555.6231909,RX,"0,0,0,0,0,0,0,0,0,0,0,0,7,-9,7,-9,7,-9,7,-8,6,-8,6,-8,6,-8,5,-8,5,-8,4,-9,5,-8,5,-9,4,-9,4,-9,4,-8,4,-9,3,-9,3,-9,3,-9,3,-9,2,-8,2,-9,2,-9,2,-10,2,-9,2,-10,0,0,3,-10,3,-9,3,-10,3,-10,3,-9,3,-9,3,-9,3,-9,3,-8,3,-8,4,-8,3,-8,3,-8,4,-7,4,-7,4,-7,4,-6,4,-6,4,-6,4,-6,4,-5,4,-5,4,-4,4,-4,4,-4,4,-3,0,0,0,0,0,0,0,0,0,0"
1766018555.64209,RX,"0,0,0,0,0,0,0,0,0,0,0,0,-12,-1,-12,-1,-12,-1,-11,-1,-11,-1,-11,0,-11,0,-11,0,-10,0,-10,1,-10,0,-11,1,-10,1,-10,1,-9,1,-10,1,-10,2,-9,2,-9,2,-9,2,-9,2,-9,2,-9,2,-10,3,-10,2,-10,3,0,0,-10,2,-10,2,-10,2,-10,2,-9,1,-10,1,-10,1,-9,1,-10,1,-9,1,-10,0,-9,0,-9,0,-9,0,-8,-1,-8,-1,-8,-1,-8,-1,-8,-1,-7,-1,-7,-2,-7,-2,-6,-2,-6,-3,-6,-3,-5,-3,0,0,0,0,0,0,0,0,0,0"
1766018555.660339,RX,"0,0,0,0,0,0,0,0,0,0,0,0,10,-5,10,-5,10,-6,9,-5,9,-5,8,-5,8,-6,8,-6,8,-5,7,-6,8,-6,8,-6,7,-6,7,-6,6,-6,7,-7,6,-7,6,-7,6,-7,6,-7,6,-7,6,-7,5,-7,6,-8,6,-7,6,-8,0,0,6,-8,6,-7,6,-7,7,-8,6,-7,6,-7,6,-7,6,-7,7,-6,6,-6,7,-6,6,-6,6,-5,6,-5,6,-5,6,-4,6,-4,6,-4,6,-4,6,-3,6,-3,6,-3,5,-2,5,-2,5,-2,5,-1,0,0,0,0,0,0,0,0,0,0"
1766018555.6818907,RX,"0,0,0,0,0,0,0,0,0,0,0,0,-10,-5,-11,-5,-11,-5,-10,-6,-10,-5,-10,-4,-10,-4,-10,-3,-10,-4,-10,-3,-10,-4,-10,-3,-10,-3,-10,-3,-9,-2,-10,-3,-10,-2,-9,-2,-10,-1,-10,-1,-9,-1,-10,-1,-9,-1,-10,-1,-10,-2,-10,-1,0,0,-10,-1,-10,-1,-10,-1,-10,-1,-10,-2,-10,-2,-10,-2,-10,-2,-10,-2,-9,-2,-9,-3,-9,-3,-8,-3,-8,-3,-8,-3,-8,-3,-7,-4,-7,-3,-7,-4,-7,-3,-6,-4,-6,-4,-6,-4,-5,-4,-5,-4,-4,-4,0,0,0,0,0,0,0,0,0,0"
1766018555.6959639,RX,"0,0,0,0,0,0,0,0,0,0,0,0,8,6,8,6,9,6,8,6,8,6,8,5,8,5,8,5,8,5,8,4,8,4,8,4,8,4,8,4,8,3,8,3,8,3,8,2,8,2,8,2,8,2,8,2,8,2,9,2,9,2,9,2,0,0,9,2,9,2,9,3,9,2,8,3,8,3,8,3,8,3,8,3,8,3,8,4,7,3,7,3,6,4,6,4,6,4,6,4,5,4,5,4,5,4,4,4,4,4,4,4,3,4,3,4,2,4,0,0,0,0,0,0,0,0,0,0"
1766018555.7162554,RX,"0,0,0,0,0,0,0,0,0,0,0,0,9,-7,9,-7,9,-7,8,-6,8,-7,8,-7,7,-7,7,-7,7,-7,7,-7,7,-7,7,-8,6,-7,6,-7,5,-7,6,-8,5,-8,5,-8,5,-8,5,-8,5,-8,5,-8,4,-8,4,-9,5,-8,5,-9,0,0,5,-9,5,-8,5,-8,5,-9,5,-8,5,-8,5,-8,5,-8,6,-7,5,-7,6,-7,5,-7,5,-6,5,-6,6,-5,6,-5,5,-5,5,-5,5,-5,5,-4,5,-4,5,-3,5,-3,5,-3,5,-2,5,-2,0,0,0,0,0,0,0,0,0,0"
1766018555.7293427,RX,"0,0,0,0,0,0,0,0,0,0,0,0,5,9,5,9,5,10,4,9,5,9,5,8,5,8,5,7,5,8,5,7,5,7,6,8,5,7,5,7,5,6,6,7,6,6,6,6,6,6,6,6,6,5,6,6,6,5,7,6,6,6,7,6,0,0,7,6,6,6,6,6,7,7,6,6,6,7,6,6,6,6,5,6,5,6,5,7,4,6,4,6,4,6,4,6,3,6,3,6,3,6,3,6,2,6,2,6,2,6,1,6,1,6,0,5,0,5,0,0,0,0,0,0,0,0,0,0"
1766018555.747499,RX,"0,0,0,0,0,0,0,0,0,0,0,0,-9,-7,-9,-7,-10,-7,-9,-7,-9,-7,-9,-6,-9,-6,-9,-6,-8,-6,-9,-5,-9,-6,-9,-5,-9,-5,-9,-5,-8,-4,-9,-5,-9,-4,-9,-4,-9,-3,-9,-4,-9,-3,-9,-3,-9,-3,-10,-3,-9,-4,-10,-3,0,0,-10,-3,-9,-4,-10,-4,-10,-4,-9,-4,-9,-4,-9,-4,-9,-4,-9,-4,-8,-4,-8,-5,-8,-5,-7,-5,-7,-5,-7,-5,-7,-5,-6,-5,-6,-5,-6,-5,-5,-5,-5,-5,-5,-5,-4,-5,-4,-5,-3,-5,-3,-5,0,0,0,0,0,0,0,0,0,0"
1766018555.7629094,RX,"0,0,0,0,0,0,0,0,0,0,0,0,-9,7,-9,7,-9,8,-8,7,-8,7,-8,7,-8,7,-7,7,-7,7,-6,7,-7,7,-6,8,-6,7,-6,7,-5,7,-6,8,-5,8,-5,8,-4,8,-5,8,-4,7,-4,8,-4,8,-4,8,-4,8,-4,8,0,0,-4,9,-4,8,-5,8,-5,8,-5,8,-5,8,-5,8,-5,7,-5,7,-5,7,-6,7,-5,6,-5,6,-5,6,-6,5,-6,5,-6,5,-6,5,-6,5,-5,4,-5,4,-5,3,-6,3,-6,3,-5,2,-5,2,0,0,0,0,0,0,0,0,0,0"
1766018555.7823226,RX,"0,0,0,0,0,0,0,0,0,0,0,0,-4,-11,-4,-11,-5,-11,-4,-11,-4,-10,-4,-10,-5,-10,-5,-9,-4,-9,-5,-9,-5,-9,-5,-9,-6,-9,-5,-9,-5,-8,-6,-8,-6,-8,-6,-7,-7,-7,-6,-8,-6,-7,-7,-7,-7,-7,-7,-7,-7,-7,-7,-8,0,0,-7,-7,-7,-8,-7,-8,-7,-8,-7,-8,-7,-8,-6,-8,-6,-8,-6,-8,-6,-7,-5,-8,-5,-7,-5,-8,-4,-8,-4,-7,-4,-8,-4,-7,-4,-7,-3,-7,-3,-7,-3,-7,-2,-7,-2,-7,-2,-7,-1,-6,-1,-6,0,0,0,0,0,0,0,0,0,0"
1766018555.8777008,RX,"0,0,0,0,0,0,0,128,""[0,0,0,0,0,0,0,0,0,0,0,0,6,-10,5,-10,5,-10,5,-9,5,-10,4,-9,4,-9,4,-9,4,-9,3,-9,4,-9,3,-10,3,-9,3,-9,2,-9,2,-10,2,-9,2,-9,4,-9,4,-9,4,-9,3,-9,4,-9,3,-10,3,-9,3,-9,2,-9,2,-10,2,-9,2,-9,4,-9,4,-9,4,-9,3,-9,4,-9,3,-10,3,-9,3,-9,2,-9,2,-10,2,-9,2,-9,4,-9,4,-9,4,-9,3,-9,4,-9,3,-10,3,-9,3,-9,2,-9,2,-10,2,-9,2,-9,4,-9,4,-9,4,-9,3,-9,4,-9,3,-10,3,-9,3,-9,2,-9,2,-10,2,-9,2,-9,4,-9,4,-9,4,-9,3,-9,4,-9,3,-10,3,-9,3,-9,2,-9,2,-10,2,-9,2,-9,4,-9,4,-9,4,-9,3,-9,4,-9,3,-10,3,-9,3,-9,2,-9,2,-10,2,-9,2,-9,4,-9,4,-9,4,-9,3,-9,4,-9,3,-10,3,-9,3,-9,2,-9,2,-10,2,-9,2,-9,4,-9,1,-9,1,-9,1,-9,1,-9,1,-10,1,-9,1,-10,0,0,1,-10,1,-10,1-9,1,-9,1,-9,1,-9,1,-9,1,-9,1,-10,1,-9,1,-10,0,0,1,-10,1,-10,1-9,1,-9,1,-9,1,-9,1,-9,1,-9,1,-10,1,-9,1,-10,0,0,1,-10,1,-10,1-9,1,-9,1,-9,1,-9,1,-9,1,-9,1,-10,1,-9,1,-10,0,0,1,-10,1,-10,1-9,1,-9,1,-9,1,-9,1,-9,1,-9,1,-10,1,-9,1,-10,0,0,1,-10,1,-10,1-9,1,-9,1,-9,1,-9,1,-9,1,-9,1,-10,1,-9,1,-10,0,0,1,-10,1,-10,1-9,1,-9,1,-9,1,-9,1,-9,1,-9,1,-10,1,-9,1,-10,0,0,1,-10,1,-10,1-9,1,-9,1,-9,1,-9,1,-9,1,-9,1,-10,1,-9,1,-10,0,0,1,-10,1,-10,1-9,1,-9,1,-9,1,-9,1,-9,1,-9,1,-10,1,-9,1,-10,0,0,1,-10,1,-10,1-9,1,-9,1,-9,1,-9,1,-9,1,-9,1,-10,1,-9,1,-10,0,0,1,-10,1,-10,1-9,1,-9,1,-9,1,-9,1,-9,1,-9,1,-10,1,-9,1,-10,0,0,1,-10,1,-10,1-9,1,-9,1,-9,1,-9,1,-9,1,-9,1,-10,1,-9,1,-10,0,0,1,-10,1,-10,1-9,1,-9,1,-9,1,-9,1,-9,1,-9,1,-10,1,-9,1,-10,0,0,1,-10,1,-10,1-9,1,-9,1,-9,1,-9,1,-9,1,-9,1,-10,1,-9,1,-10,0,0,1,-10,1,-10,1-9,1,-9,1,-9,1,-9,1,-9,1,-9,1,-10,1,-9,1,-10,0,0,1,-10,1,-10,1-9,1,-9,1,-9,1,-9,1,-9,1,-9,1,-10,1,-9,1,-10,0,0,1,-10,1,-10,1-9,1,-9,1,-9,1,-9,1,-9,1,-9,1,-10,1,-9,1,-10,0,0,1,-10,1,-10,1-9,1,-9,1,-9,1,-9,1,-9,1,-9,1,-10,1,-9,1,-10,0,0,1,-10,1,-10,1-9,1,-9,1,-9,1,-9,1,-9,1,-9,1,-10,1,-9,1,-10,0,0,1,-10,1,-10,1-9,1,-9,1,-9,1,-9,1,-9,1,-9,1,-10,1,-9,1,-10,0,0,1,-10,1,-10,1-9,1,-9,1,-9,1,-9,1,-9,1,-9,1,-10,1,-9,1,-10,0,0,1,-10,1,-10,13,-8,2,-7,3,-7,3,-7,3,-7,3,-6,3,-6,3,-6,3,-5,3,-5,3,-4,3,-4,0,0,0,0,0,0,0,0,0,0"
1766018555.8995154,RX,"0,0,0,0,0,0,0,0,0,0,0,0,-10,-6,-10,-5,-11,-5,-10,-6,-10,-5,-9,-4,-10,-4,-10,-4,-9,-4,-10,-4,-10,-4,-10,-3,-10,-3,-9,-3,-9,-2,-10,-3,-9,-2,-9,-2,-9,-1,-9,-1,-9,-1,-9,-1,-9,-1,-10,-1,-10,-1,-10,-1,0,0,-10,-1,-10,-2,-10,-1,-10,-1,-9,-2,-10,-2,-9,-2,-9,-2,-9,-2,-9,-2,-9,-3,-8,-2,-8,-3,-8,-3,-8,-3,-7,-3,-8,-3,-7,-3,-7,-4,-7,-3,-6,-3,-6,-4,-5,-4,-5,-4,-5,-4,-4,-4,0,0,0,0,0,0,0,0,0,0"
1766018555.9180675,RX,"0,0,0,0,0,0,0,0,0,0,0,0,10,-4,10,-4,10,-5,9,-4,9,-4,9,-4,9,-5,8,-5,8,-5,8,-5,8,-5,8,-5,8,-5,8,-5,7,-5,8,-5,7,-6,7,-6,6,-6,6,-6,6,-6,6,-6,6,-6,7,-7,7,-6,7,-7,0,0,7,-7,7,-7,7,-6,7,-7,7,-6,7,-6,7,-6,7,-6,7,-5,7,-5,7,-5,7,-4,7,-4,6,-4,7,-4,6,-3,7,-3,6,-3,6,-3,6,-3,6,-2,6,-2,6,-1,6,-1,5,0,5,0,0,0,0,0,0,0,0,0,0,0"
1766018555.9381535,RX,"0,0,0,0,0,0,0,0,0,0,0,0,-12,0,-12,0,-12,0,-11,-1,-11,0,-11,0,-10,0,-10,1,-10,1,-10,1,-10,1,-10,1,-10,1,-10,1,-9,2,-10,2,-9,3,-9,2,-9,3,-9,3,-8,3,-9,3,-8,3,-9,3,-9,3,-9,3,0,0,-9,4,-9,3,-9,3,-9,3,-9,3,-9,3,-9,2,-9,2,-9,2,-9,2,-9,2,-8,1,-8,1,-9,1,-8,1,-8,0,-8,0,-8,0,-7,0,-7,0,-7,-1,-7,-1,-6,-1,-6,-2,-6,-2,-6,-2,0,0,0,0,0,0,0,0,0,0"
1766018555.955554,RX,"0,0,0,0,0,0,0,0,0,0,0,0,7,-9,7,-9,7,-9,7,-8,6,-8,6,-8,6,-8,5,-8,5,-8,5,-8,5,-8,5,-9,4,-9,4,-8,4,-8,4,-9,3,-9,3,-8,3,-9,3,-9,3,-8,3,-9,2,-9,2,-10,3,-9,3,-10,0,0,3,-10,3,-9,3,-10,3,-10,3,-9,3,-9,4,-9,3,-9,4,-8,4,-8,4,-8,3,-8,4,-7,4,-7,4,-7,4,-7,4,-6,4,-6,4,-6,4,-5,4,-5,4,-5,4,-4,4,-4,4,-3,4,-3,0,0,0,0,0,0,0,0,0,0"
1766018555.9714642,RX,"0,0,0,0,0,0,0,0,0,0,0,0,-10,5,-10,5,-10,6,-10,5,-9,5,-9,5,-9,5,-8,5,-8,5,-8,5,-8,5,-8,6,-8,5,-8,5,-7,5,-8,6,-7,6,-7,6,-6,6,-7,6,-6,6,-6,6,-6,6,-6,7,-7,6,-7,7,0,0,-7,7,-7,6,-7,7,-7,7,-7,6,-7,6,-7,6,-7,6,-7,5,-7,5,-7,5,-7,4,-7,4,-7,4,-7,4,-7,3,-7,3,-7,3,-7,3,-7,2,-7,2,-6,2,-6,1,-6,1,-6,0,-6,0,0,0,0,0,0,0,0,0,0,0"
1766018555.991169,RX,"0,0,0,0,0,0,0,0,0,0,0,0,2,-11,2,-11,2,-12,2,-11,2,-11,2,-10,1,-10,1,-10,1,-10,0,-10,1,-10,0,-10,0,-10,0,-10,0,-9,0,-10,-1,-10,-1,-9,-2,-10,-2,-10,-1,-9,-2,-10,-2,-9,-2,-10,-1,-10,-2,-10,0,0,-2,-10,-1,-10,-1,-10,-1,-10,-1,-10,-1,-10,-1,-10,-1,-10,0,-9,0,-9,0,-9,0,-9,1,-9,1,-8,1,-8,1,-8,1,-8,1,-8,1,-7,1,-7,2,-7,2,-6,2,-6,2,-6,3,-5,3,-5,0,0,0,0,0,0,0,0,0,0"
1766018556.0060806,RX,"0,0,0,0,0,0,0,0,0,0,0,0,10,4,10,4,10,4,9,4,9,3,9,3,9,3,9,2,9,2,9,2,9,2,9,2,9,1,9,2,8,1,9,1,9,0,8,0,9,0,9,0,8,0,9,0,8,-1,9,0,9,0,9,0,0,0,9,0,9,0,9,0,9,0,9,1,9,1,9,1,8,1,8,1,8,1,8,2,7,2,7,2,7,2,7,2,7,2,6,2,6,2,6,3,6,3,5,3,5,3,4,3,4,3,4,3,3,3,0,0,0,0,0,0,0,0,0,0"
1766018556.022419,RX,"0,0,0,0,0,0,0,0,0,0,0,0,10,3,10,3,11,3,10,3,9,3,9,2,9,2,9,2,9,2,9,1,9,2,9,1,9,1,9,1,8,1,9,1,9,0,9,0,9,-1,9,-1,8,-1,9,-1,8,-1,9,-1,9,0,9,-1,0,0,9,-1,9,0,9,-1,10,0,9,0,9,0,9,0,8,0,8,1,8,1,8,1,7,1,7,1,7,1,7,2,7,2,7,2,6,2,6,2,6,2,5,2,5,2,5,3,4,3,4,3,3,3,0,0,0,0,0,0,0,0,0,0"
1766018556.0411737,RX,"0,0,0,0,0,0,0,0,0,0,0,0,-3,10,-3,11,-3,11,-3,10,-3,10,-3,10,-2,9,-2,9,-2,9,-1,9,-2,9,-1,9,-1,9,-1,9,0,9,-1,9,0,9,0,8,1,9,1,9,0,8,1,9,1,8,1,9,1,9,1,9,0,0,1,9,0,9,0,9,0,9,0,9,0,9,0,9,0,8,-1,9,-1,8,-1,8,-1,8,-2,8,-2,8,-2,7,-2,7,-2,7,-2,7,-2,6,-2,6,-3,6,-3,5,-3,5,-4,5,-4,4,-4,4,0,0,0,0,0,0,0,0,0,0"
1766018556.0615323,RX,"0,0,0,0,0,0,0,0,0,0,0,0,-4,-11,-4,-11,-5,-11,-4,-11,-4,-10,-4,-10,-5,-10,-5,-9,-5,-9,-5,-9,-5,-9,-6,-9,-6,-9,-6,-8,-6,-8,-6,-8,-6,-8,-6,-7,-7,-7,-7,-7,-6,-7,-7,-7,-7,-6,-7,-7,-7,-7,-7,-7,0,0,-7,-7,-7,-7,-7,-8,-7,-8,-7,-7,-7,-8,-7,-8,-6,-8,-6,-8,-6,-8,-6,-8,-5,-7,-5,-8,-5,-7,-4,-7,-4,-7,-4,-7,-4,-7,-3,-7,-3,-7,-3,-7,-2,-7,-2,-6,-2,-6,-1,-6,-1,-6,0,0,0,0,0,0,0,0,0,0"
1766018556.0776694,RX,"0,0,0,0,0,0,0,0,0,0,0,0,10,3,10,3,11,2,10,3,9,2,10,2,9,1,9,1,9,1,9,0,9,1,9,0,9,0,9,0,9,0,9,0,9,-1,8,-1,9,-2,8,-1,8,-1,9,-2,8,-2,9,-2,9,-2,9,-2,0,0,9,-2,9,-1,9,-2,9,-2,9,-1,9,-1,9,-1,9,-1,9,-1,8,-1,9,0,8,0,8,0,8,0,7,1,7,1,7,1,7,1,7,1,6,1,6,1,5,2,5,2,5,2,4,2,4,2,0,0,0,0,0,0,0,0,0,0"
1766018556.094581,RX,"0,0,0,0,0,0,0,0,0,0,0,0,10,-4,10,-4,10,-4,10,-4,9,-4,9,-4,9,-4,8,-5,8,-5,8,-5,8,-5,8,-5,8,-5,7,-5,7,-5,8,-6,7,-6,6,-6,7,-6,6,-6,6,-6,6,-7,6,-6,6,-7,6,-7,7,-7,0,0,7,-7,7,-7,7,-7,7,-7,7,-6,7,-6,7,-6,7,-6,7,-6,7,-6,7,-5,6,-5,7,-5,7,-4,6,-4,7,-4,6,-3,6,-4,6,-3,6,-3,6,-3,6,-2,5,-2,5,-1,5,-1,5,-1,0,0,0,0,0,0,0,0,0,0"
1766018556.295001,RX,"0,0,0,0,0,0,0,0,0,0,0,0,10,-5,10,-5,10,-5,10,-4,9,-5,9,-5,9,-5,8,-5,8,-5,8,-6,8,-5,8,-6,7,-6,7,-6,7,-6,7,-6,7,-7,6,-6,6,-7,6,-7,6,-6,6,-7,6,-7,0,0,0,0,0,0,0,0,0,0,-5,-11,-4,-10,-5,-11,-4,-10,-5,-10,-5,-9,-0,0,0,0,0,0,0,0,0,0,-5,-11,-4,-10,-5,-11,-4,-10,-5,-10,-5,-9,-0,0,0,0,0,0,0,0,0,0,-5,-11,-4,-10,-5,-11,-4,-10,-5,-10,-5,-9,-0,0,0,0,0,0,0,0,0,0,-5,-11,-4,-10,-5,-11,-4,-10,-5,-10,-5,-9,-0,0,0,0,0,0,0,0,0,0,-5,-11,-4,-10,-5,-11,-4,-10,-5,-10,-5,-9,-0,0,0,0,0,0,0,0,0,0,-5,-11,-4,-10,-5,-11,-4,-10,-5,-10,-5,-9,-0,0,0,0,0,0,0,0,0,0,-5,-11,-4,-10,-5,-11,-4,-10,-5,-10,-5,-9,-0,0,0,0,0,0,0,0,0,0,-5,-11,-4,-10,-5,-11,-4,-10,-5,-10,-5,-9,-0,0,0,0,0,0,0,0,0,0,-5,-11,-4,-10,-5,-11,-4,-10,-5,-10,-5,-9,-0,0,0,0,0,0,0,0,0,0,-5,-11,-4,-10,-5,-11,-4,-10,-5,-10,-5,-9,-0,0,0,0,0,0,0,0,0,0,-5,-11,-4,-10,-5,-11,-4,-10,-5,-10,-5,-9,-0,0,0,0,0,0,0,0,0,0,-5,-11,-4,-10,-5,-11,-4,-10,-5,-10,-5,-9,-0,0,0,0,0,0,0,0,0,0,-5,-11,-4,-10,-5,-11,-4,-10,-5,-10,-5,-9,-0,0,0,0,0,0,0,0,0,0,-5,-11,-4,-10,-5,-11,-4,-10,-5,-10,-5,-9,-0,0,0,0,0,0,0,0,0,0,-5,-11,-4,-10,-5,-11,-4,-10,-5,-10,-5,-9,-0,0,0,0,0,0,0,0,0,0,-5,-11,-4,-10,-5,-11,-4,-10,-5,-10,-5,-9,-0,0,0,0,0,0,0,0,0,0,-5,-11,-4,-10,-5,-11,-4,-10,-5,-10,-5,-9,-0,0,0,0,0,0,0,0,0,0,-5,-11,-4,-10,-5,-11,-4,-10,-5,-10,-5,-9,-0,0,0,0,0,0,0,0,0,0,-5,-11,-4,-10,-5,-11,-4,-10,-5,-10,,-8,-6,5,-9,-5,-9,-5,-9,-6,-9,-5,-9,-6,-9,-6,-8,-6,-8,-5,-7,-6,-8,-6,5,-9,-5,-9,-5,-9,-6,-9,-5,-9,-6,-9,-6,-8,-6,-8,-5,-7,-6,-8,-6,5,-9,-5,-9,-5,-9,-6,-9,-5,-9,-6,-9,-6,-8,-6,-8,-5,-7,-6,-8,-6,5,-9,-5,-9,-5,-9,-6,-9,-5,-9,-6,-9,-6,-8,-6,-8,-5,-7,-6,-8,-6,5,-9,-5,-9,-5,-9,-6,-9,-5,-9,-6,-9,-6,-8,-6,-8,-5,-7,-6,-8,-6,5,-9,-5,-9,-5,-9,-6,-9,-5,-9,-6,-9,-6,-8,-6,-8,-5,-7,-6,-8,-6,5,-9,-5,-9,-5,-9,-6,-9,-5,-9,-6,-9,-6,-8,-6,-8,-5,-7,-6,-8,-6,5,-9,-5,-9,-5,-9,-6,-9,-5,-9,-6,-9,-6,-8,-6,-8,-5,-7,-6,-8,-6,5,-9,-5,-9,-5,-9,-6,-9,-5,-9,-6,-9,-6,-8,-6,-8,-5,-7,-6,-8,-6,5,-9,-5,-9,-5,-9,-6,-9,-5,-9,-6,-9,-6,-8,-6,-8,-5,-7,-6,-8,-6,5,-9,-5,-9,-5,-9,-6,-9,-5,-9,-6,-9,-6,-8,-6,-8,-5,-7,-6,-8,-6,5,-9,-5,-9,-5,-9,-6,-9,-5,-9,-6,-9,-6,-8,-6,-8,-5,-7,-6,-8,-6,5,-9,-5,-9,-5,-9,-6,-9,-5,-9,-6,-9,-6,-8,-6,-8,-5,-7,-6,-8,-6,5,-9,-5,-9,-5,-9,-6,-9,-5,-9,-6,-9,-6,-8,-6,-8,-5,-7,-6,-8,-6,5,-9,-5,-9,-5,-9,-6,-9,-5,-9,-6,-9,-6,-8,-6,-8,-5,-7,-6,-8,-6,5,-9,-5,-9,-5,-9,-6,-9,-5,-9,-6,-9,-6,-8,-6,-8,-5,-7,-6,-8,-6,5,-9,-5,-9,-5,-9,-6,-9,-5,-9,-6,-9,-6,-8,-6,-8,-5,-7,-6,-8,-6,5,-9,-5,-9,-5,-9,-6,-9,-5,-9,-6,-9,-6,-8,-6,-8,-5,-7,-6,-8,-6,5,-9,-5,-9,-5,-9,-6,-9,-5,-9,-6,-9,-6,-8,-6,-8,-5,-7,-6,-8,-6,5,-9,-5,-9,-5,-9,-6,-9,-5,-9,-6,-9,-6,-8,-6,-8,-5,-7,-6,-8,-6,5,-9,-5,-9,-5,--6,-7,-6,-7,-7,-7,-7,-7,-7,-7,-7,-7,-7,-7,0,0,--8,-6,-7,-7,-7,-6,-7,-6,-7,-7,-7,-7,-7,-7,-7,-7,-7,-7,-7,0,0,--8,-6,-7,-7,-7,-6,-7,-6,-7,-7,-7,-7,-7,-7,-7,-7,-7,-7,-7,0,0,--8,-6,-7,-7,-7,-6,-7,-6,-7,-7,-7,-7,-7,-7,-7,-7,-7,-7,-7,0,0,--8,-6,-7,-7,-7,-6,-7,-6,-7,-7,-7,-7,-7,-7,-7,-7,-7,-7,-7,0,0,--8,-6,-7,-7,-7,-6,-7,-6,-7,-7,-7,-7,-7,-7,-7,-7,-7,-7,-7,0,0,--8,-6,-7,-7,-7,-6,-7,-6,-7,-7,-7,-7,-7,-7,-7,-7,-7,-7,-7,0,0,--8,-6,-7,-7,-7,-6,-7,-6,-7,-7,-7,-7,-7,-7,-7,-7,-7,-7,-7,0,0,--8,-6,-7,-7,-7,-6,-7,-6,-7,-7,-7,-7,-7,-7,-7,-7,-7,-7,-7,0,0,--8,-6,-7,-7,-7,-6,-7,-6,-7,-7,-7,-7,-7,-7,-7,-7,-7,-7,-7,0,0,--8,-6,-7,-7,-7,-6,-7,-6,-7,-7,-7,-7,-7,-7,-7,-7,-7,-7,-7,0,0,--8,-6,-7,-7,-7,-6,-7,-6,-7,-7,-7,-7,-7,-7,-7,-7,-7,-7,-7,0,0,--8,-6,-7,-7,-7,-6,-7,-6,-7,-7,-7,-7,-7,-7,-7,-7,-7,-7,-7,0,0,--8,-6,-7,-7,-7,-6,-7,-6,-7,-7,-7,-7,-7,-7,-7,-7,-7,-7,-7,0,0,--8,-6,-7,-7,-7,-6,-7,-6,-7,-7,-7,-7,-7,-7,-7,-7,-7,-7,-7,0,0,--8,-6,-7,-7,-7,-6,-7,-6,-7,-7,-7,-7,-7,-7,-7,-7,-7,-7,-7,0,0,--8,-6,-7,-7,-7,-6,-7,-6,-7,-7,-7,-7,-7,-7,-7,-7,-7,-7,-7,0,0,--8,-6,-7,-7,-7,-6,-7,-6,-7,-7,-7,-7,-7,-7,-7,-7,-7,-7,-7,0,0,--8,-6,-7,-7,-7,-6,-7,-6,-7,-7,-7,-7,-7,-7,-7,-7,-7,-7,-7,0,0,--8,-6,-7,-7,-7,-6,-7,-6,-7,-7,-7,-7,-7,-7,-7,-7,-7,8,-6,-8,-5,-8,-5,-7,-5,-7,-4,-7,-4,-7,-4,-7,-3,-7,-3,-7,-3,-7,-3,-7,-2,-7,-2,-7,-2,-7,-1,-6,-1,-6,0,-6,0,0,0,0,0,0,0,0,0,0"
1766018556.3111901,RX,"0,0,0,0,0,0,0,0,0,0,0,0,-2,11,-2,11,-1,11,-2,10,-1,10,-1,10,-1,10,0,9,-1,9,0,9,0,9,0,9,0,9,0,9,1,8,1,9,2,9,1,8,2,9,2,8,2,8,2,8,2,8,2,9,2,9,2,9,0,0,2,9,2,9,2,9,2,9,2,9,1,9,2,9,1,8,1,9,1,8,0,8,0,8,0,8,0,8,-1,7,-1,7,-1,7,-1,7,-1,7,-1,6,-1,6,-2,6,-2,6,-2,5,-3,5,-3,4,0,0,0,0,0,0,0,0,0,0"
1766018556.467731,RX,"0,0,0,0,0,0,0,0,0,0,0,0,-12,1,-12,1,-12,1,-11,1,-11,1,-11,2,-11,2,-10,2,-1,0,0,0,0,0,0,-10,4,-10,5,-10,5,-10,4,-10,4,-10,5,-9,5,-9,5,-8,,0,0,0,0,0,0,-10,4,-10,5,-10,5,-10,4,-10,4,-10,5,-9,5,-9,5,-8,,0,0,0,0,0,0,-10,4,-10,5,-10,5,-10,4,-10,4,-10,5,-9,5,-9,5,-8,,0,0,0,0,0,0,-10,4,-10,5,-10,5,-10,4,-10,4,-10,5,-9,5,-9,5,-8,,0,0,0,0,0,0,-10,4,-10,5,-10,5,-10,4,-10,4,-10,5,-9,5,-9,5,-8,,0,0,0,0,0,0,-10,4,-10,5,-10,5,-10,4,-10,4,-10,5,-9,5,-9,5,-8,,0,0,0,0,0,0,-10,4,-10,5,-10,5,-10,4,-10,4,-10,5,-9,5,-9,5,-8,,0,0,0,0,0,0,-10,4,,5,-8,5,-7,5,-8,6,-7,6,-7,6,-7,6,-7,6,-6,6,5,-8,5,-9,5,-8,5,-8,5,-8,5,-7,5,-8,6,-7,6,-7,6,-7,6,-7,6,-6,6,5,-8,5,-9,5,-8,5,-8,5,-8,5,-7,5,-8,6,-7,6,-7,6,-7,6,-7,6,-6,6,5,-8,5,-9,5,-8,5,-8,5,-8,5,-7,5,-8,6,-7,6,-7,6,-7,6,-7,6,-6,6,5,-8,5,-9,5,-8,5,-8,5,-8,5,-7,5,-8,6,-7,6,-7,6,-7,6,-7,6,-6,6,5,-8,5,-9,5,-8,5,-8,5,-8,5,-7,5,-8,6,-7,6,-7,6,-7,6,-7,6,-6,6,5,-8,5,-9,5,-8,5,-8,5,-8,5,-7,5,-8,6,-7,6,-7,6,-7,6,-7,6,-6,6,5,-8,5,-9,5,-8,5,-8,5,-8,5,-7,5,-8,6,-7,6,-7,6,-7,6,-7,6,-6,6,5,-8,5,-9,5,-8,5,-8,5,-8,5,-7,5,-8,6,-7,6,-7,6,-7,6,-7,6,-6,6,5,-8,5,-9,5,-8,5,-8,5,-8,5,-7,5,-8,6,-7,6,-7,6,-7,6,-7,6,-6,6,5,-8,5,-9,5,-8,5,-8,5,-8,5,-7,5,-8,6,-7,6,-7,6,-7,6,-7,6,-6,6,5,-8,5,-9,5,-8,5,-8,5,-8,5,-7,5,-8,6,-7,6,-7,6,-7,6,-7,6,-6,6,5,-8,5,-9,5,-8,5,-8,5,-8,5,-7,5,-8,6,-7,6,-7,6,-7,6,-7,6,-6,6,5,-8,5,-9,5,-8,5,-8,5,-8,5,-7,5,-8,6,-7,6,-7,6,-7,6,-7,6,-6,6,5,-8,5,-9,5,-8,5,-8,5,-8,5,-7,5,-8,6,-7,6,-7,6,-7,6,-7,6,-6,6,5,-8,5,-9,5,-8,5,-8,5,-8,5,-7,5,-8,6,-7,6,-7,6,-7,6,-7,6,-6,6,5,-8,5,-9,5,-8,5,-8,5,-8,5,-7,5,-8,6,-7,6,-7,6,-7,6,-7,6,-6,6,5,-8,5,-9,5,-8,5,-8,5,-8,5,-7,5,-8,6,-7,6,-7,6,-7,6,-7,6,-6,6,5,-8,5,-9,5,-8,5,-8,5,-8,5,-7,5,-8,6,-7,6,-7,6,-7,6,-7,6,-6,6,5,-8,5,-9,5,-8,5,-8,5,-8,5,-7,5,-8,7,6,-7,7,-7,7,-7,6,-7,6,-7,-6,6,-6,6,-7,7,-7,6,-7,7,0,0,-7,7,-7,6,-7,7,-7,7,-7,6,-7,6,-7,-6,6,-6,6,-7,7,-7,6,-7,7,0,0,-7,7,-7,6,-7,7,-7,7,-7,6,-7,6,-7,-6,6,-6,6,-7,7,-7,6,-7,7,0,0,-7,7,-7,6,-7,7,-7,7,-7,6,-7,6,-7,-6,6,-6,6,-7,7,-7,6,-7,7,0,0,-7,7,-7,6,-7,7,-7,7,-7,6,-7,6,-7,-6,6,-6,6,-7,7,-7,6,-7,7,0,0,-7,7,-7,6,-7,7,-7,7,-7,6,-7,6,-7,-6,6,-6,6,-7,7,-7,6,-7,7,0,0,-7,7,-7,6,-7,7,-7,7,-7,6,-7,6,-7,-6,6,-6,6,-7,7,-7,6,-7,7,0,0,-7,7,-7,6,-7,7,-7,7,-7,6,-7,6,-7,-6,6,-6,6,-7,7,-7,6,-7,7,0,0,-7,7,-7,6,-7,7,-7,7,-7,6,-7,6,-7,-6,6,-6,6,-7,7,-7,6,-7,7,0,0,-7,7,-7,6,-7,7,-7,7,-7,6,-7,6,-7,-6,6,-6,6,-7,7,-7,6,-7,7,0,0,-7,7,-7,6,-7,7,-7,7,-7,6,-7,6,-7,-6,6,-6,6,-7,7,-7,6,-7,7,0,0,-7,7,-7,6,-7,7,-7,7,-7,6,-7,6,-7,-6,6,-6,6,-7,7,-7,6,-7,7,0,0,-7,7,-7,6,-7,7,-7,7,-7,6,-7,6,-7,-6,6,-6,6,-7,7,-7,6,-7,7,0,0,-7,7,-7,6,-7,7,-7,7,-7,6,-7,6,-7,-6,6,-6,6,-7,7,-7,6,-7,7,0,0,-7,7,-7,6,-7,7,-7,7,-7,6,-7,6,-7,-6,6,-6,6,-7,7,-7,6,-7,7,0,0,-7,7,-7,6,-7,7,-7,7,-7,6,-7,6,-7,-6,6,-6,6,-7,7,-7,6,-7,7,0,0,-7,7,-7,6,-7,7,-7,7,-7,6,-7,6,-7,-6,6,-6,6,-7,7,-7,6,-7,7,0,0,-7,7,-7,6,-7,7,-7,7,-7,6,-7,6,-7,-6,6,-6,6,-7,7,-7,6,-7,7,0,0,-7,7,-7,6,-7,7,-7,7,-7,6,-7,6,-7,-6,6,-6,6,-7,7,-7,6,-7,7,0,0,-7,7,-7,6,-7,7,-7,7,-7,6,-7,6,-7,-6,6,-6,6,-7,7,-7,6,-7,7,0,0,-7,7,-7,6,-7,7,-7,7,-7,6,-7,6,-7,6,-7,6,-7,5,-7,5,-7,5,-7,4,-7,4,-7,4,-7,3,-7,3,-7,3,-7,3,-7,3,-6,3,-6,2,-6,2,-6,1,-6,1,-6,1,-6,0,0,0,0,0,0,0,0,0,0,0"
1766018556.4826095,RX,"0,0,0,0,0,0,0,0,0,0,0,0,5,9,5,9,6,9,5,9,5,8,5,8,5,8,5,7,5,7,6,7,5,7,6,7,6,7,6,7,6,6,6,6,7,6,6,5,7,5,6,5,6,5,7,5,6,5,7,5,7,5,7,5,0,0,7,5,6,6,7,6,7,6,6,6,6,6,6,6,6,6,5,6,5,6,5,6,5,6,4,6,4,6,4,6,4,6,3,6,3,6,3,6,3,5,2,5,2,5,1,5,1,5,1,5,0,5,0,0,0,0,0,0,0,0,0,0"
1766018556.4981768,RX,"0,0,0,0,0,0,0,0,0,0,0,0,-11,3,-11,3,-11,3,-11,3,-10,3,-10,3,-10,3,-9,3,-9,3,-9,4,-9,4,-9,4,-9,4,-9,4,-8,4,-8,4,-8,5,-7,5,-8,5,-8,5,-7,5,-7,5,-7,5,-7,6,-8,6,-8,6,0,0,-8,6,-8,5,-8,6,-8,6,-8,5,-8,5,-8,5,-8,5,-8,4,-8,4,-8,4,-7,4,-7,3,-8,3,-7,3,-7,3,-7,2,-7,2,-7,2,-7,2,-7,1,-6,1,-6,1,-6,0,-6,0,-6,0,0,0,0,0,0,0,0,0,0,0"
1766018556.5150259,RX,"0,0,0,0,0,0,0,0,0,0,0,0,-10,5,-10,5,-10,5,-10,5,-9,5,-9,5,-9,5,-9,5,-8,5,-8,5,-8,5,-8,6,-8,6,-7,6,-7,6,-7,6,-7,7,-6,6,-7,7,-6,6,-6,6,-6,7,-6,6,-6,7,-7,7,-7,7,0,0,-7,7,-6,7,-7,7,-7,7,-7,7,-7,6,-7,6,-7,6,-7,6,-7,5,-7,5,-7,5,-7,5,-7,4,-7,4,-7,4,-7,3,-7,3,-7,3,-6,3,-7,2,-6,2,-6,2,-6,1,-6,1,-6,0,0,0,0,0,0,0,0,0,0,0"
1766018556.532323,RX,"0,0,0,0,0,0,0,0,0,0,0,0,11,0,11,0,11,0,10,1,10,0,10,0,10,0,9,-1,9,-1,9,-1,9,-1,10,-2,9,-2,9,-2,8,-2,9,-2,9,-3,8,-3,8,-3,8,-3,8,-3,8,-3,8,-4,9,-4,8,-3,9,-4,0,0,9,-4,9,-3,9,-4,9,-3,9,-3,9,-3,9,-3,8,-2,8,-2,8,-2,8,-2,8,-2,7,-2,8,-1,7,-1,7,-1,7,0,7,0,7,0,6,0,6,0,6,0,5,1,5,1,5,1,5,1,0,0,0,0,0,0,0,0,0,0"
1766018556.5499027,RX,"0,0,0,0,0,0,0,0,0,0,0,0,6,-10,6,-10,5,-10,6,-10,5,-9,5,-10,5,-9,4,-9,4,-9,3,-9,4,-9,4,-10,3,-9,3,-9,3,-9,3,-9,2,-10,2,-9,2,-10,2,-9,2,-9,2,-10,1,-9,1,-10,2,-10,2,-10,0,0,2,-10,2,-10,2,-10,2,-10,2,-9,2,-9,3,-9,2,-9,3,-9,3,-9,3,-9,3,-8,3,-8,3,-8,4,-7,4,-7,4,-7,4,-7,4,-6,4,-6,4,-5,4,-5,4,-5,4,-4,4,-4,4,-3,0,0,0,0,0,0,0,0,0,0"
1766018556.5711699,RX,"0,0,0,0,0,0,0,0,0,0,0,0,1,-12,1,-12,1,-12,1,-11,1,-11,1,-11,0,-11,0,-10,0,-10,-1,-10,0,-10,-1,-10,-1,-10,-1,-10,-1,-9,-1,-10,-2,-10,-2,-9,-2,-10,-2,-10,-2,-9,-3,-9,-3,-9,-3,-10,-2,-10,-3,-10,0,0,-3,-10,-2,-10,-2,-10,-2,-10,-2,-10,-2,-10,-2,-10,-2,-9,-1,-10,-1,-9,-1,-10,-1,-9,-1,-9,0,-9,0,-8,0,-8,0,-8,1,-8,1,-8,1,-7,1,-7,1,-6,1,-6,2,-6,2,-5,2,-5,0,0,0,0,0,0,0,0,0,0"
1766018556.6370504,RX,"0,0,0,0,0,0,0,0,0,0,0,0,3,10,3,10,4,10,3,10,4,10,3,9,4,9,4,8,4,8,4,8,4,8,4,8,4,8,4,7,4,78,-5,8,-5,8,-5,8,-5,8,-5,8,-4,8,-4,8,-4,8,-4,8,-4,8,-4,7,-3,7,8,-5,8,-5,8,-5,8,-5,8,-5,8,-4,8,-4,8,-4,8,-4,8,-4,8,-4,7,-3,7,8,-5,8,-5,8,-5,8,-5,8,-5,8,-4,8,-4,8,-4,8,-4,8,-4,8,-4,7,-3,7,8,-5,8,-5,8,-5,8,-5,8,-5,8,-4,8,-4,8,-4,8,-4,8,-4,8,-4,7,-3,7,8,-5,8,-5,8,-5,8,-5,8,-5,8,-4,8,-4,8,-4,8,-4,8,-4,8,-4,7,-3,7,8,-5,8,-5,8,-5,8,-5,8,-5,8,-4,8,-4,8,-4,8,-4,8,-4,8,-4,7,-3,7,8,-5,8,-5,8,-5,8,-5,8,-5,8,-4,8,-4,8,-4,8,-4,8,-4,8,-4,7,-3,7,8,-5,8,-5,8,-5,8,-5,8,-5,8,-4,8,-4,8,-4,8,-4,8,-4,8,-4,7,-3,7,8,-5,8,-5,8,-5,8,-5,8,-5,8,-4,8,-4,8,-6,-1,6,-1,5,-1,5,0,5,0,5-3,7,-3,7,-2,7,-2,7,-2,7,-2,6,-2,6,-2,6,-1,6,-1,5,-1,5,0,5,0,5-3,7,-3,7,-2,7,-2,7,-2,7,-2,6,-2,6,-2,6,-1,6,-1,5,-1,5,0,5,0,5-3,7,-3,7,-2,7,-2,7,-2,7,-2,6,-2,6,-2,6,-1,6,-1,5,-1,5,0,5,0,5-3,7,-3,7,-2,7,-2,7,-2,7,-2,6,-2,6,-2,6,-1,6,-1,5,-1,5,0,5,0,5-3,7,-3,7,-2,7,-2,7,-2,7,-2,6,-2,6,-2,6,-1,6,-1,5,-1,5,0,5,0,5-3,7,-3,7,-2,7,-2,7,-2,7,-2,6,-2,6,-2,6,-1,6,-1,5,-1,5,0,5,0,5-3,7,-3,7,-2,7,-2,7,-2,7,-2,6,-2,6,-2,6,-1,6,-1,5,-1,5,0,5,0,5-3,7,-3,7,-2,7,-2,7,-2,7,-2,6,-2,6,-2,6,-1,6,-1,5,-1,5,0,5,0,5-3,7,-3,7,-2,7,-2,7,-2,7,-2,6,-2,6,-2,6,-1,6,-1,5,-1,5,0,5,0,5-3,7,-3,7,-2,7,-2,7,-2,7,-2,6,-2,6,-2,6,-1,6,-1,5,-1,5,0,5,0,5-3,7,-3,7,-2,7,-2,7,-2,7,-2,6,-2,6,-2,6,-1,6,-1,5,-1,5,0,5,0,5,1,0,0,0,0,0,0,0,0,0,0"
1766018556.7941077,RX,"0,0,0,0,0,0,                                                              1,9,-1,9,-1,9,-1,8,-1,9,-2,9,-2,8,-2,8,-3,8,-2,8,-2,8,-3,8,-3,8,-3,8,-3,8,-3,0,0,9,-3,9,-2,9,-3,9,-3,8,-2,9,-2,8,-2,8,-2,8,-1,8,-2,8,-1,7,-1,7,-1,7,-1,7,0,7,0,7,0,7,0,6,0,6,0,6,1,5,1,5,1,5,1,5,2,4,2,0,0,0,0,0,0,0,0,0,0"
1766018556.8163638,RX,"0,0,0,0,0,0,0,0,0,0,0,0,-6,-10,-6,-11,-6,-11,-5,-10,-6,-10,-5,-9,-6,-9,-6,-9,-5,-9,-6,-8,-6,-9,-6,-9,-6,-8,-6,-8,-6,-8,-7,-8,-7,-7,-7,-7,-7,-7,-7,-7,-7,-7,-7,-7,-7,-6,-8,-7,-7,-7,-8,-7,0,0,-7,-7,-7,-7,-7,-7,-7,-8,-7,-7,-7,-8,-6,-8,-6,-7,-6,-8,-6,-8,-6,-8,-5,-7,-5,-8,-5,-8,-4,-7,-4,-7,-3,-7,-4,-7,-3,-7,-3,-7,-2,-7,-2,-7,-2,-6,-1,-6,-1,-6,-1,-6,0,0,0,0,0,0,0,0,0,0"
1766018556.8350294,RX,"0,0,0,0,0,0,0,0,0,0,0,0,-6,9,-6,9,-5,10,-5,9,-5,9,-5,9,-5,9,-4,9,-4,8,-3,9,-4,8,-3,9,-3,9,-3,8,-3,8,-3,9,-2,9,-2,8,-1,9,-2,8,-1,8,-1,8,-1,8,-1,9,-1,9,-1,9,0,0,-1,9,-2,9,-1,9,-2,9,-2,9,-2,9,-2,8,-2,8,-3,8,-2,8,-3,8,-3,7,-3,7,-3,7,-3,7,-3,7,-4,6,-4,6,-4,6,-3,5,-4,5,-4,5,-4,4,-4,4,-4,3,-4,3,0,0,0,0,0,0,0,0,0,0"
1766018556.8552191,RX,"0,0,0,0,0,0,0,0,0,0,0,0,-8,-9,-8,-8,-9,-9,-8,-8,-8,-8,-8,-7,-8,-7,-8,-7,-8,-7,-8,-7,-8,-7,-8,-7,-8,-6,-8,-6,-8,-5,-9,-6,-9,-5,-8,-5,-9,-5,-9,-5,-8,-4,-9,-4,-8,-4,-9,-4,-9,-5,-9,-5,0,0,-9,-4,-9,-5,-9,-5,-9,-5,-9,-5,-9,-5,-9,-5,-8,-5,-8,-5,-8,-5,-8,-6,-7,-6,-7,-6,-7,-6,-6,-6,-6,-6,-6,-6,-5,-6,-5,-6,-5,-5,-5,-6,-4,-6,-4,-6,-3,-6,-3,-6,-2,-5,0,0,0,0,0,0,0,0,0,0"
1766018556.8779979,RX,"0,0,0,0,0,0,0,0,0,0,0,0,1,-12,1,-12,0,-12,1,-11,0,-11,0,-11,0,-11,0,-10,0,-10,-1,-10,0,-10,-1,-10,-1,-10,-1,-10,-1,-9,-1,-10,-2,-10,-2,-9,-3,-10,-3,-9,-2,-9,-3,-9,-3,-9,-3,-10,-3,-10,-3,-10,0,0,-3,-10,-2,-10,-3,-10,-3,-10,-2,-10,-2,-10,-2,-10,-2,-9,-1,-10,-1,-9,-1,-10,-1,-9,0,-9,0,-9,0,-8,0,-8,0,-8,1,-8,0,-7,1,-7,1,-7,1,-7,2,-6,2,-6,2,-6,2,-5,0,0,0,0,0,0,0,0,0,0"
1766018556.90097,RX,"0,0,0,0,0,0,0,0,0,0,0,0,1,-11,1,-12,1,-12,1,-11,0,-11,0,-11,0,-10,0,-10,0,-10,-1,-10,0,-10,-1,-10,-1,-10,-1,-10,-1,-9,-1,-10,-2,-10,-2,-9,-3,-9,-3,-9,-2,-9,-3,-9,-3,-8,-3,-10,-3,-9,-3,-10,0,0,-3,-10,-2,-10,-3,-10,-2,-10,-2,-10,-2,-10,-2,-10,-2,-9,-1,-9,-1,-9,-1,-9,-1,-9,-1,-9,-1,-8,0,-8,0,-8,0,-8,0,-8,1,-7,1,-7,1,-7,1,-6,1,-6,2,-6,2,-5,2,-5,0,0,0,0,0,0,0,0,0,0"
1766018556.9211845,RX,"0,0,0,0,0,0,0,0,0,0,0,0,2,-11,2,-11,2,-12,2,-11,1,-11,1,-10,1,-10,0,-10,0,-10,0,-10,1,-10,0,-10,0,-10,0,-10,-1,-9,-1,-10,-1,-9,-1,-9,-2,-9,-2,-9,-2,-9,-2,-9,-2,-9,-2,-10,-2,-9,-2,-10,0,0,-2,-10,-2,-10,-2,-10,-2,-10,-1,-10,-1,-10,-1,-10,-1,-9,-1,-9,-1,-9,0,-9,0,-8,0,-8,0,-8,1,-8,1,-8,1,-8,1,-7,1,-7,1,-7,1,-7,1,-6,2,-6,2,-6,2,-5,2,-5,0,0,0,0,0,0,0,0,0,0"
1766018556.9443605,RX,"0,0,0,0,0,0,0,0,0,0,0,0,4,-11,3,-11,3,-11,3,-11,3,-10,3,-10,2,-10,2,-10,2,-10,1,-10,2,-10,1,-10,1,-10,1,-10,0,-9,1,-10,0,-10,0,-9,-1,-10,0,-9,0,-9,-1,-9,-1,-9,-1,-10,-1,-10,-1,-10,0,0,-1,-10,0,-10,-1,-10,0,-10,0,-10,0,-10,0,-10,0,-9,1,-9,1,-9,1,-9,1,-8,1,-8,1,-8,2,-8,2,-8,2,-7,2,-7,2,-7,2,-7,2,-6,3,-6,2,-6,3,-5,3,-5,3,-4,0,0,0,0,0,0,0,0,0,0"
1766018556.9625063,RX,"0,0,0,0,0,0,0,0,0,0,0,0,8,-8,7,-8,8,-9,7,-8,7,-8,6,-8,6,-8,6,-8,6,-8,5,-8,6,-8,5,-8,5,-8,5,-8,4,-8,5,-8,4,-8,4,-8,3,-9,4,-8,3,-8,3,-9,3,-8,3,-9,4,-9,3,-9,0,0,3,-9,4,-9,4,-9,4,-9,4,-8,4,-9,4,-8,4,-8,4,-8,4,-8,5,-7,4,-7,4,-7,4,-6,5,-6,5,-6,5,-6,5,-6,5,-5,4,-5,4,-4,4,-4,4,-4,5,-3,5,-3,4,-2,0,0,0,0,0,0,0,0,0,0"
1766018556.981302,RX,"0,0,0,0,0,0,0,0,0,0,0,0,4,-11,3,-11,3,-11,3,-10,3,-10,3,-10,2,-10,2,-10,2,-10,1,-10,2,-10,2,-10,1,-10,1,-10,1,-9,1,-10,0,-10,0,-9,0,-10,0,-10,-1,-9,-1,-10,-1,-9,-1,-10,0,-10,-1,-10,0,0,0,-10,0,-10,0,-10,0,-10,0,-10,0,-10,0,-10,0,-9,1,-9,1,-9,1,-9,1,-8,1,-8,1,-8,2,-8,2,-8,2,-8,2,-7,2,-7,2,-7,2,-6,2,-6,3,-6,3,-5,3,-5,3,-4,0,0,0,0,0,0,0,0,0,0"
1766018556.9970458,RX,"0,0,0,0,0,0,0,0,0,0,0,0,9,-7,9,-7,9,-7,8,-6,8,-7,8,-7,7,-7,7,-7,7,-7,6,-7,6,-7,6,-8,6,-7,6,-7,5,-7,6,-7,5,-8,5,-8,5,-8,5,-8,4,-7,5,-8,4,-8,4,-9,4,-8,5,-9,0,0,5,-8,5,-8,5,-8,5,-8,5,-8,5,-8,5,-8,5,-7,5,-7,5,-7,5,-7,5,-7,5,-6,5,-6,5,-5,5,-5,5,-5,5,-5,5,-5,5,-4,5,-4,5,-3,5,-3,5,-3,5,-2,5,-2,0,0,0,0,0,0,0,0,0,0"
1766018557.0120084,RX,"0,0,0,0,0,0,0,0,0,0,0,0,1,10,1,10,1,11,0,10,1,10,1,9,1,9,2,9,1,9,2,9,2,9,2,9,3,8,2,8,3,8,3,8,3,8,3,8,4,8,3,7,3,7,4,8,4,7,4,8,4,8,4,8,0,0,4,8,4,8,4,8,4,8,3,8,3,8,3,8,3,8,2,8,3,8,2,8,2,7,2,7,2,7,1,7,1,7,1,7,0,6,0,6,0,6,0,6,0,6,-1,6,-1,5,-1,5,-2,5,0,0,0,0,0,0,0,0,0,0"
1766018557.0319026,RX,"0,0,0,0,0,0,0,0,0,0,0,0,4,-11,4,-11,4,-11,4,-10,3,-10,3,-10,3,-10,2,-10,2,-10,1,-10,2,-10,2,-10,1,-10,1,-9,1,-9,1,-10,0,-10,0,-9,0,-10,0,-10,0,-9,-1,-9,-1,-9,-1,-10,-1,-10,-1,-10,0,0,0,-10,0,-10,0,-10,0,-10,0,-10,0,-10,0,-9,0,-9,1,-9,1,-9,1,-9,1,-9,1,-8,1,-8,2,-8,2,-8,2,-7,2,-7,2,-7,2,-7,2,-6,2,-6,2,-6,3,-6,3,-5,3,-5,0,0,0,0,0,0,0,0,0,0"
1766018557.0491648,RX,"0,0,0,0,0,0,0,0,0,0,0,0,3,-11,3,-11,3,-11,3,-11,3,-10,2,-10,2,-10,2,-10,2,-10,1,-10,2,-10,1,-10,1,-10,1,-9,0,-9,1,-10,0,-10,0,-9,-1,-10,-1,-9,-1,-9,-1,-9,-1,-9,-1,-10,-1,-10,-1,-10,0,0,-1,-10,-1,-10,-1,-10,0,-10,-1,-10,0,-10,0,-10,0,-9,0,-9,0,-9,1,-9,1,-8,1,-8,1,-8,1,-8,2,-8,1,-7,2,-7,2,-7,2,-7,2,-6,2,-6,2,-6,3,-6,3,-5,3,-5,0,0,0,0,0,0,0,0,0,0"
1766018557.0657666,RX,"0,0,0,0,0,0,0,0,0,0,0,0,11,0,11,0,11,0,10,0,10,0,10,-1,10,-1,9,-1,9,-1,9,-2,9,-1,9,-2,9,-2,9,-2,8,-2,9,-2,9,-3,8,-3,8,-3,8,-3,8,-3,8,-3,8,-4,9,-4,8,-3,9,-4,0,0,9,-4,9,-3,9,-3,9,-4,8,-3,9,-3,9,-3,8,-3,8,-2,8,-2,8,-2,8,-2,8,-1,7,-1,7,0,7,-1,7,0,7,0,7,0,6,0,6,0,6,1,5,1,5,1,5,1,4,2,0,0,0,0,0,0,0,0,0,0"
1766018557.0871153,RX,"0,0,0,0,0,0,0,0,0,0,0,0,-3,-11,-3,-12,-3,-11,-3,-11,-3,-10,-3,-11,-4,-10,-4,-10,-4,-10,-4,-9,-4,-9,-4,-10,-5,-9,-4,-9,-5,-9,-5,-9,-5,-9,-5,-8,-6,-8,-6,-8,-5,-8,-6,-8,-6,-7,-6,-8,-6,-8,-6,-8,0,0,-6,-8,-6,-8,-6,-9,-6,-9,-6,-8,-6,-9,-5,-9,-5,-8,-5,-8,-5,-8,-4,-8,-4,-8,-4,-8,-4,-8,-3,-8,-3,-8,-3,-8,-3,-8,-3,-7,-2,-7,-2,-7,-1,-7,-1,-7,-1,-7,0,-6,0,-6,0,0,0,0,0,0,0,0,0,0"
1766018557.1069465,RX,"0,0,0,0,0,0,0,0,0,0,0,0,-4,-11,-4,-11,-4,-11,-4,-11,-4,-11,-4,-10,-4,-10,-4,-10,-4,-9,-5,-9,-4,-9,-5,-9,-5,-9,-5,-9,-5,-8,-5,-9,-6,-8,-5,-8,-6,-8,-6,-8,-6,-8,-6,-8,-6,-7,-7,-8,-6,-8,-6,-8,0,0,-6,-8,-6,-8,-6,-8,-6,-9,-5,-8,-5,-9,-5,-9,-5,-8,-5,-9,-4,-9,-4,-9,-4,-8,-4,-8,-3,-8,-3,-8,-3,-8,-2,-8,-2,-8,-2,-7,-2,-7,-1,-7,-1,-7,-1,-7,0,-7,0,-6,0,-6,0,0,0,0,0,0,0,0,0,0"
1766018557.1281815,RX,"0,0,0,0,0,0,0,0,0,0,0,0,-6,-10,-6,-10,-6,-10,-6,-10,-6,-10,-6,-9,-6,-9,-6,-8,-6,-8,-7,-8,-6,-8,-7,-8,-6,-8,-7,-7,-6,-7,-7,-8,-7,-7,-7,-7,-8,-6,-8,-6,-7,-6,-8,-6,-8,-6,-8,-6,-8,-7,-8,-6,0,0,-8,-6,-8,-7,-8,-6,-8,-7,-8,-6,-8,-7,-7,-7,-7,-7,-7,-7,-7,-7,-6,-7,-6,-7,-6,-7,-5,-7,-5,-7,-5,-7,-5,-7,-5,-7,-4,-6,-4,-6,-4,-6,-3,-6,-3,-6,-2,-6,-2,-6,-2,-6,0,0,0,0,0,0,0,0,0,0"
1766018557.1549745,RX,"0,0,0,0,0,0,0,0,0,0,0,0,-6,-10,-6,-10,-7,-10,-6,-10,-6,-9,-6,-9,-6,-9,-6,-8,-6,-8,-7,-8,-6,-8,-7,-8,-7,-8,-6,-8,-6,-7,-7,-8,-7,-7,-7,-7,-7,-7,-7,-7,-7,-6,-7,-6,-7,-6,-8,-7,-8,-7,-8,-7,0,0,-8,-7,-7,-7,-8,-7,-8,-7,-7,-7,-7,-7,-7,-7,-7,-7,-6,-7,-6,-7,-6,-8,-5,-7,-10,2,-9,2,-9,2,-9,2,-9,2,-9,1,-9,1,-9,1,-8,1,-9,0,-9,0,-8,0,-8,0,-8,-1,-8,-1,-8,-1,-7,-1,-7,-1,-7,-1,-6,-2,-6,-2,-6,-3,-5,-8,0,-8,-1,-8,-1,-8,-1,-7,-1,-7,-1,-7,-1,-6,-2,-6,-2,-6,-3,-5,-8,0,-8,-1,-8,-1,-8,-1,-7,-1,-7,-1,-7,-1,-6,-2,-6,-2,-6,-3,-5,-3,0,0,0,0,0,0,0,0,0,0"
1766018557.2341034,RX,"0,0,0,0,0,0,0,0,0,0,0,0,0,-12,0,-11,0,-12,0,-11,0,-11,0,-10,-1,-10,-1,-10,-1,-10,-2,-10,-1,-10,-1,-10,-2,-10,-2,-9,-2,-9,-2,-10,-3,-9,-3,-9,-3,-9,-3,-9,-3,-9,-4,-9,-3,-9,-4,-9,-4,-9,-4,-10,0,0,-4,-10,-4,-10,-4,-10,-4,-10,-3,-9,-3,-10,-3,-10,-3,-9,-2,-9,-2,-9,-2,-9,-2,-9,-2,-9,-1,-8,-1,-8,-1,-8,-1,-8,-1,-8,0,-8,0,-7,0,-7,0,-7,1,-6,1,-6,1,-6,2,-5,0,0,0,0,0,0,0,0,0,0"
1766018557.2538228,RX,"0,0,0,0,0,0,0,0,0,0,0,0,-3,-11,-3,-11,-4,-11,-3,-11,-3,-11,-3,-10,-4,-10,-4,-9,-4,-9,-5,-9,-4,-9,-4,-10,-5,-9,-5,-9,-5,-8,-5,-9,-6,-9,-5,-8,-6,-8,-6,-8,-6,-8,-6,-8,-6,-7,-7,-8,-6,-8,-7,-8,0,0,-7,-8,-6,-8,-6,-8,-6,-8,-6,-8,-6,-8,-6,-8,-6,-8,-5,-8,-5,-8,-5,-9,-4,-8,-4,-8,-4,-8,-3,-8,-3,-8,-3,-8,-3,-8,-3,-7,-2,-7,-2,-7,-2,-7,-1,-7,-1,-7,-1,-6,0,-6,0,0,0,0,0,0,0,0,0,0"
1766018557.273148,RX,"0,0,0,0,0,0,0,0,0,0,0,0,-2,-12,-2,-12,-2,-12,-1,-11,-2,-11,-2,-10,-2,-10,-3,-10,-2,-10,-3,-10,-3,-10,-3,-10,-4,-10,-4,-9,-4,-9,-4,-10,-4,-9,-4,-9,-5,-9,-4,-9,-4,-8,-5,-9,-5,-8,-6,-9,-5,-9,-5,-9,0,0,-5,-9,-5,-9,-5,-9,-5,-9,-4,-9,-4,-9,-4,-9,-4,-9,-3,-9,-4,-9,-3,-9,-3,-8,-3,-8,-3,-8,-2,-8,-2,-8,-2,-8,-2,-8,-1,-8,-1,-7,-1,-7,0,-7,0,-7,0,-7,0,-6,1,-6,0,0,0,0,0,0,0,0,0,0"
1766018557.289515,RX,"0,0,0,0,0,0,0,0,0,0,0,0,-11,2,-11,2,-11,3,-11,2,-11,3,-10,3,-10,3,-10,3,-10,3,-9,4,-9,3,-9,4,-9,4,-9,4,-8,4,-9,4,-8,5,-8,5,-8,5,-8,5,-7,5,-7,5,-7,5,-8,6,-8,5,-8,6,0,0,-8,6,-8,5,-8,5,-8,6,-8,5,-8,5,-8,5,-8,5,-8,4,-8,4,-8,4,-7,3,-8,3,-8,3,-8,3,-8,3,-7,2,-7,2,-7,2,-7,2,-7,1,-7,1,-6,1,-6,0,-6,0,-6,-1,0,0,0,0,0,0,0,0,0,0"
1766018557.3054743,RX,"0,0,0,0,0,0,0,0,0,0,0,0,4,9,4,10,5,10,4,10,4,9,4,9,4,8,5,8,4,8,5,7,5,8,5,8,5,7,5,7,5,7,5,7,6,7,5,6,6,6,6,6,6,6,6,6,6,5,7,6,6,6,7,6,0,0,7,6,6,6,6,6,6,7,6,6,6,7,6,7,5,6,5,7,5,6,5,7,4,6,4,6,4,6,3,6,3,6,3,6,3,6,2,6,2,6,2,6,1,6,1,5,1,5,0,5,0,5,0,0,0,0,0,0,0,0,0,0"
1766018557.3234987,RX,"0,0,0,0,0,0,0,0,0,0,0,0,7,-9,6,-9,7,-10,6,-9,6,-9,6,-9,6,-9,5,-9,5,-8,4,-9,5,-9,5,-9,4,-9,4,-9,4,-9,4,-9,3,-9,3,-9,3,-9,3,-9,3,-8,3,-9,2,-9,2,-10,3,-9,3,-10,0,0,3,-10,3,-9,3,-10,3,-9,3,-9,3,-9,4,-9,3,-9,4,-8,4,-8,4,-8,4,-8,4,-7,4,-7,4,-7,4,-7,4,-6,4,-6,4,-6,4,-5,4,-5,4,-5,4,-4,4,-4,4,-3,4,-3,0,0,0,0,0,0,0,0,0,0"
1766018557.3393955,RX,"0,0,0,0,0,0,0,0,0,0,0,0,11,-1,11,-1,11,-1,10,-1,10,-1,10,-2,10,-2,9,-2,9,-2,9,-3,9,-2,9,-3,9,-3,8,-3,8,-3,9,-3,8,-4,8,-4,8,-4,8,-4,8,-4,8,-4,7,-4,8,-5,8,-4,8,-5,0,0,9,-5,8,-4,9,-4,9,-4,8,-4,8,-4,8,-3,8,-3,8,-3,8,-3,8,-2,7,-2,8,-2,8,-2,7,-1,7,-1,7,-1,7,-1,7,-1,6,-1,6,0,6,0,6,0,5,1,5,1,5,1,0,0,0,0,0,0,0,0,0,0"
1766018557.3586855,RX,"0,0,0,0,0,0,0,0,0,0,0,0,-5,-11,-5,-11,-6,-11,-5,-10,-5,-10,-5,-9,-5,-9,-5,-9,-5,-9,-6,-9,-5,-9,-6,-9,-6,-8,-6,-8,-6,-7,-6,-8,-7,-8,-6,-7,-7,-7,-7,-7,-6,-7,-7,-7,-7,-7,-8,-7,-7,-7,-7,-7,0,0,-7,-7,-7,-7,-7,-7,-7,-7,-7,-7,-7,-8,-7,-8,-6,-7,-6,-8,-6,-8,-5,-8,-5,-7,-5,-7,-5,-7,-4,-7,-4,-7,-4,-7,-4,-7,-3,-7,-3,-7,-3,-7,-2,-7,-2,-7,-1,-6,-1,-6,-1,-6,0,0,0,0,0,0,0,0,0,0"
1766018557.374795,RX,"0,0,0,0,0,0,0,0,0,0,0,0,-10,4,-10,4,-10,5,-10,4,-10,5,-9,4,-9,5,-9,5,-9,5,-8,5,-8,5,-9,5,-8,5,-8,5,-7,5,-8,6,-7,6,-7,6,-7,6,-7,6,-6,6,-6,6,-6,6,-7,7,-7,6,-7,7,0,0,-7,7,-7,6,-7,7,-7,7,-7,6,-7,6,-7,6,-7,6,-8,5,-7,5,-8,5,-7,4,-7,4,-7,4,-7,4,-7,3,-7,3,-7,3,-7,3,-7,2,-7,2,-6,2,-6,1,-6,1,-6,0,-6,0,0,0,0,0,0,0,0,0,0,0"
1766018557.3918145,RX,"0,0,0,0,0,0,0,0,0,0,0,0,-2,11,-2,11,-1,11,-2,10,-1,10,-1,10,-1,10,-1,9,-1,9,0,9,-1,9,0,10,0,9,0,9,1,9,1,9,1,9,1,8,2,9,2,9,2,8,2,8,2,8,2,9,2,9,2,9,0,0,2,9,2,9,2,9,2,9,2,9,1,9,1,9,1,9,1,9,1,8,0,9,0,8,0,8,0,8,-1,8,-1,7,-1,7,-1,7,-1,7,-1,6,-2,6,-2,6,-2,6,-3,5,-3,5,-3,4,0,0,0,0,0,0,0,0,0,0"
1766018557.4073966,RX,"0,0,0,0,0,0,0,0,0,0,0,0,9,6,8,6,9,6,8,6,8,6,8,5,8,5,8,4,8,4,9,4,8,4,8,4,8,4,8,3,8,3,9,3,8,2,8,2,8,2,8,2,8,2,8,2,8,1,9,2,9,2,9,2,0,0,9,2,9,2,9,2,9,2,8,2,9,3,8,3,8,2,8,3,8,3,8,3,7,3,7,3,7,3,6,4,6,3,6,4,6,3,5,4,5,4,5,4,4,4,4,4,4,4,3,4,3,4,0,0,0,0,0,0,0,0,0,0"
1766018557.4276233,RX,"0,0,0,0,0,0,0,0,0,0,0,0,6,-10,6,-10,6,-10,6,-9,5,-9,5,-9,5,-9,4,-9,4,-9,4,-9,4,-9,4,-10,3,-9,3,-9,2,-9,3,-10,2,-10,2,-9,1,-10,2,-9,1,-9,1,-10,1,-9,1,-10,1,-10,1,-10,0,0,1,-10,2,-10,1,-10,2,-10,2,-10,2,-10,2,-10,2,-9,2,-9,3,-9,3,-9,3,-8,3,-8,3,-8,3,-8,3,-7,3,-7,3,-7,3,-6,3,-6,3,-6,3,-6,4,-5,4,-5,4,-4,4,-4,0,0,0,0,0,0,0,0,0,0"
1766018557.4480615,RX,"0,0,0,0,0,0,0,0,0,0,0,0,-1,-12,-1,-12,-1,-12,-1,-11,-1,-11,-2,-10,-1,-11,-2,-10,-2,-10,-3,-10,-2,-10,-3,-10,-3,-10,-3,-10,-3,-9,-3,-10,-4,-9,-4,-9,-4,-9,-4,-9,-4,-9,-4,-9,-4,-8,-5,-9,-5,-9,-5,-9,0,0,-5,-9,-4,-9,-5,-9,-5,-9,-4,-9,-4,-9,-4,-9,-4,-9,-3,-9,-3,-9,-3,-9,-3,-9,-3,-8,-2,-8,-2,-8,-1,-8,-1,-8,-1,-8,-1,-8,-1,-7,0,-7,0,-7,0,-7,0,-7,1,-6,1,-6,0,0,0,0,0,0,0,0,0,0"
1766018557.468416,RX,"0,0,0,0,0,0,0,0,0,0,0,0,-6,-10,-6,-10,-7,-10,-6,-10,-6,-9,-6,-9,-7,-9,-6,-8,-6,-8,-7,-8,-7,-8,-7,-8,-7,-8,-7,-7,-7,-7,-8,-7,-8,-6,-7,-6,-8,-6,-8,-6,-8,-6,-8,-6,-8,-5,-9,-6,-8,-6,-9,-6,0,0,-9,-6,-8,-6,-9,-6,-9,-6,-8,-6,-8,-6,-8,-6,-8,-6,-7,-6,-7,-6,-7,-7,-6,-6,-6,-6,-6,-7,-6,-6,-6,-7,-5,-6,-5,-6,-5,-6,-4,-6,-4,-6,-4,-6,-3,-6,-3,-6,-2,-6,-2,-6,0,0,0,0,0,0,0,0,0,0"
1766018557.632926,RX,"0,0,0,0,0,0,CSI_DATA,269,1a:00:00:00:00:01,-23,11,1,0,1,128,""[0,0,0,0,0,0,CSI_DATA,269,1a:00:00:00:00:01,-23,11,1,0,1,128,""[0,0,0,0,0,0,CSI_DATA,269,1a:00:00:00:00:01,-23,11,1,0,1,128,""[0,0,0,0,0,0,CSI_DATA,269,1a:00:00:00:00:01,-23,11,1,0,1,128,""[0,0,0,0,0,0,CSI_DATA,269,1a:00:00:00:00:01,-23,11,1,0,1,128,""[0,0,0,0,0,0,CSI_DATA,269,1a:00:00:00:00:01,-23,11,1,0,1,128,""[0,0,0,0,0,0,CSI_DATA,269,1a:00:00:00:00:01,-23,11,1,0,1,128,""[0,0,0,0,0,0,CSI_DATA,269,1a:00:00:00:00:01,-23,11,1,0,1,128,""[0,0,0,0,0,0,CSI_DATA,269,1a:00:00:00:00:01,-23,11,1,0,1,128,""[0,0,0,0,0,0,CSI_DATA,269,1a:00:00:00:00:01,-23,11,1,0,1,128,""[0,0,0,0,0,0,CSI_DATA,269,1a:00:00:00:00:01,-23,11,1,0,1,128,""[0,0,0,0,0,0,CSI_DATA,269,1a:00:00:00:00:01,-23,11,1,0,1,128,""[0,0,0,0,0,0,CSI_DATA,269,1a:00:00:00:00:01,-23,11,1,0,1,128,""[0,0,0,0,0,0,CSI_DATA,269,1a:00:00:00:00:01,-23,11,1,0,1,128,""[0,0,0,0,0,0,CSI_DATA,269,1a:00:00:00:00:01,-23,11,1,0,1,128,""[0,0,0,0,0,0,CSI_DATA,269,1a:00:00:00:00:01,-23,11,1,0,1,128,""[0,0,0,0,0,0,CSI_DATA,269,1a:00:00:00:00:01,-23,11,1,0,1,128,""[0,0,0,0,0,0,CSI_DATA,269,1a:00:00:00:00:01,-23,11,1,0,1,128,""[0,0,0,0,0,0,CSI_DATA,269,1a:00:00:00:00:01,-23,11,1,0,1,128,""[0,0,0,0,0,0,0,0,0,0,0,0,-6,-10,-6,-10,-7,-10,-6,-10,-6,-9,-7,-9,-7,-8,-7,-8,-6,-8,-7,-7,-7,-8,-7,-8,-7,-7,-7,-7,-7,-7,-8,-7,-8,-6,-7,-6,-8,-6,-8,-6,-7,-5,-8,-6,-8,-5,-9,-5,-8,-6,-8,-6,0,0,-9,-6,-8,-6,-9,-6,-9,-6,-8,-6,-8,-6,-8,-6,-8,-6,-7,-6,-7,-6,-7,-7,-6,-6,-6,-6,-6,-6,-6,-6,-6,-6,-5,-6,-5,-6,-5,-6,-4,-6,-4,-6,-4,-6,-3,-6,-3,-6,-2,-6,-2,-6,0,0,0,0,0,0,0,0,0,0"
1766018557.6523693,RX,"0,0,0,0,0,0,0,0,0,0,0,0,0,10,0,11,0,11,0,10,0,10,0,9,1,9,1,9,1,9,2,9,1,9,2,9,2,9,2,9,2,8,2,8,3,8,2,8,3,8,3,8,3,7,3,8,3,7,4,8,3,8,4,8,0,0,4,8,4,8,4,8,3,8,3,8,3,8,3,8,3,8,2,8,2,8,2,8,2,7,2,7,1,7,1,7,1,7,1,7,1,7,0,6,0,6,0,6,-1,6,-1,6,-1,5,-2,5,-2,5,0,0,0,0,0,0,0,0,0,0"
1766018557.6685958,RX,"0,0,0,0,0,0,0,0,0,0,0,0,8,-7,8,-7,8,-8,8,-7,7,-7,7,-7,7,-7,6,-7,6,-7,6,-7,6,-7,6,-8,6,-8,5,-7,5,-7,5,-8,5,-8,4,-8,4,-8,4,-8,4,-8,4,-8,3,-8,4,-9,4,-8,4,-9,0,0,4,-9,4,-9,4,-9,4,-9,4,-8,4,-9,4,-8,4,-8,4,-8,4,-8,5,-8,4,-7,5,-7,5,-7,5,-6,5,-6,5,-6,5,-6,5,-5,5,-5,5,-5,4,-4,4,-4,5,-4,4,-3,4,-3,0,0,0,0,0,0,0,0,0,0"
1766018557.6906948,RX,"0,0,0,0,0,0,0,0,0,0,0,0,-11,-5,-10,-5,-11,-5,-10,-5,-11,-5,-10,-4,-10,-4,-10,-3,-10,-3,-10,-3,-10,-3,-10,-3,-10,-2,-10,-2,-9,-2,-10,-2,-10,-1,-10,-1,-10,-1,-10,-1,-9,-1,-10,0,-10,0,-10,0,-10,-1,-10,0,0,0,-10,0,-10,0,-10,0,-11,0,-10,-1,-10,-1,-10,-1,-9,-1,-10,-1,-10,-1,-10,-2,-9,-2,-8,-2,-8,-2,-8,-2,-8,-2,-8,-3,-8,-2,-7,-3,-7,-3,-7,-3,-6,-3,-6,-4,-6,-4,-5,-4,-5,-4,0,0,0,0,0,0,0,0,0,0"
1766018557.710635,RX,"0,0,0,0,0,0,0,0,0,0,0,0,-1,10,-1,11,0,11,-1,10,0,10,0,10,0,10,0,9,0,9,1,9,0,9,1,9,1,9,1,9,2,8,1,9,2,9,2,8,3,8,2,8,2,8,3,8,3,7,3,8,3,8,3,9,0,0,3,9,3,8,3,9,2,9,2,8,2,8,2,8,2,8,1,8,1,8,1,8,1,8,1,8,0,8,0,7,0,7,0,7,0,7,0,6,-1,6,-1,6,-2,6,-2,5,-2,5,-2,5,-3,4,0,0,0,0-7,4,-7,4,-7,4,-6,4,-6,4,-6,4,-6,4,-5,4,-5,4,-4,4,-4,4,-3,4,-3,0,0,0,0,0,0,0,0,0,0"
1766018557.780907,RX,"0,0,0,0,0,0,0,0,0,0,0,0,-4,10,-4,10,-4,10,-4,10,-31,0,1,128,""[0,0,0,0,0,0,0,0,0,0,0,0,-4,10,-4,10,-4,10,-4,10,-31,0,1,128,""[0,0,0,0,0,0,0,0,0,0,0,0,-4,10,-4,10,-4,10,-4,10,-31,0,1,128,""[0,0,0,0,0,0,0,0,0,0,0,0,-4,10,-4,10,-4,10,-4,10,-31,0,1,128,""[0,0,0,0,0,0,0,0,0,0,0,0,-4,10,-4,10,-4,10,-4,10,-31,0,1,128,""[0,0,0,0,0,0,0,0,0,0,0,0,-4,10,-4,10,-4,10,-4,10,-31,0,1,128,""[0,0,0,0,0,0,0,0,0,0,0,0,-4,10,-4,10,-4,10,-4,10,-31,0,1,128,""[0,0,0,0,0,0,0,0,0,0,0,0,-4,10,-4,10,-4,10,-4,10,-31,0,1,128,""[0,0,0,0,0,0,0,0,0,0,0,0,-4,10,-4,10,-4,10,-4,10,-31,0,1,128,""[0,0,0,0,0,0,0,0,0,0,0,0,-4,10,-4,10,-4,10,-4,10,-31,0,1,128,""[0,0,0,0,0,0,0,0,0,0,0,0,-4,10,-4,10,-4,10,-4,10,-31,0,1,128,""[0,0,0,0,0,0,0,0,0,0,0,0,-4,10,-4,10,-4,10,-4,10,-31,0,1,128,""[0,0,0,0,0,0,0,0,0,0,0,0,-4,10,-4,10,-4,10,-4,10,-31,0,1,128,""[0,0,0,0,0,0,0,0,0,0,0,0,-4,10,-4,10,-4,10,-4,10,-31,0,1,128,""[0,0,0,0,0,0,0,0,0,0,0,0,-4,10,-4,10,-4,10,-4,10,-31,0,1,128,""[0,0,0,0,0,0,0,0,0,0,0,0,-4,10,-4,10,-4,10,-4,10,-31,0,1,128,""[0,0,0,0,0,0,0,0,0,0,0,0,-4,10,-4,10,-4,10,-4,10,-31,0,1,128,""[0,0,0,0,0,0,0,0,0,0,0,0,-4,10,-4,10,-4,10,-4,10,-31,0,1,128,""[0,0,0,0,0,0,0,0,0,0,0,0,-4,10,-4,10,-4,10,-4,10,-31,0,1,128,""[0,0,0,0,0,0,0,0,0,0,0,0,-4,10,-4,10,-4,10,-4,10,-31,0,1,128,""[0,0,0,0,0,0,0,0,03,9,-2,9,-2,9,-2,8,-1,8,-2,9,-1,9,-1,8,0,9,0,9,0,8,0,8,0,8,0,9,0,9,0,9,0,0,0,9,0,9,0,9,0,9,-1,9,-1,9,-1,9,-1,9,-1,8,-2,8,-2,8,-2,8,-2,7,-2,7,-3,7,-3,7,-3,7,-3,6,-3,6,-3,6,-3,5,-3,5,-4,5,-4,4,-4,4,-4,4,0,0,0,0,0,0,0,0,0,0"
1766018557.7891812,RX,"0,0,0,0,0,0,0,0,0,0,0,0,-6,-11,-6,-10,-7,-11,-6,-10,-6,-10,-6,-9,-6,-9,-6,-9,-6,-9,-6,-8,-6,-9,-7,-9,-7,-8,-7,-8,-6,-7,-7,-8,-7,-7,-7,-7,-8,-7,-8,-7,-7,-6,-8,-6,-7,-6,-8,-6,-8,-7,-8,-7,0,0,-8,-7,-8,-7,-8,-7,-8,-7,-8,-7,-7,-7,-7,-7,-7,-7,-7,-7,-7,-7,-6,-8,-6,-7,-5,-7,-5,-7,-5,-7,-5,-7,-4,-7,-4,-7,-4,-7,-4,-7,-3,-6,-3,-6,-2,-6,-2,-7,-2,-6,-1,-6,0,0,0,0,0,0,0,0,0,0"
1766018557.7955499,RX,"0,0,0,0,0,0,0,0,0,0,0,0,7,8,7,8,7,8,7,8,7,7,6,7,7,7,7,6,6,7,7,6,7,6,7,6,7,6,7,6,7,5,7,6,7,5,7,5,8,5,7,5,7,4,8,4,7,4,8,4,8,4,8,4,0,0,8,5,8,5,8,5,8,5,7,5,7,5,7,5,7,5,7,5,6,5,6,6,6,5,5,5,5,6,5,6,5,6,4,6,4,5,4,5,3,5,3,5,3,5,2,5,2,5,1,5,1,5,0,0,0,0,0,0,0,0,0,0"
1766018557.8035238,RX,"0,0,0,0,0,0,0,0,0,0,0,0,-4,-11,-4,-11,-5,-11,-4,-11,-5,-10,-4,-10,-5,-10,-5,-9,-5,-9,-5,-9,-5,-9,-5,-9,-6,-9,-5,-8,-6,-8,-6,-8,-6,-8,-6,-7,-7,-7,-6,-8,-6,-7,-7,-7,-6,-7,-7,-7,-7,-8,-7,-7,0,0,-7,-8,-7,-8,-7,-8,-7,-8,-6,-8,-6,-8,-6,-8,-6,-8,-6,-8,-6,-8,-5,-8,-5,-7,-5,-8,-5,-8,-4,-8,-4,-7,-3,-7,-3,-7,-3,-7,-3,-7,-2,-7,-2,-7,-2,-7,-2,-6,-1,-6,-1,-6,0,0,0,0,0,0,0,0,0,0"
1766018557.8102312,RX,"0,0,0,0,0,0,0,0,0,0,0,0,10,0,11,0,11,0,10,1,10,0,10,0,10,-1,9,-1,9,-1,9,-1,9,-1,9,-2,9,-2,9,-2,8,-2,9,-2,9,-3,8,-3,8,-3,8,-3,8,-3,8,-3,8,-3,9,-4,8,-3,9,-4,0,0,9,-4,9,-3,9,-3,9,-3,9,-3,9,-3,8,-2,8,-3,8,-2,8,-2,8,-2,8,-2,7,-1,7,-1,7,-1,7,-1,7,0,7,0,7,0,6,0,6,0,6,1,5,1,5,1,5,1,4,2,0,0,0,0,0,0,0,0,0,0"
1766018557.8180902,RX,"0,0,0,0,0,0,0,0,0,0,0,0,-6,-10,-6,-10,-7,-10,-6,-10,-6,-9,-6,-9,-6,-9,-6,-8,-6,-8,-7,-8,-6,-8,-7,-8,-7,-7,-7,-7,-7,-7,-7,-7,-7,-6,-7,-6,-8,-6,-8,-6,-7,-6,-8,-6,-8,-5,-9,-6,-8,-6,-8,-6,0,0,-8,-6,-8,-6,-8,-6,-8,-6,-8,-6,-8,-6,-8,-7,-7,-6,-7,-6,-7,-6,-7,-7,-6,-6,-6,-6,-6,-6,-5,-6,-5,-6,-5,-7,-5,-6,-5,-6,-4,-6,-4,-6,-3,-6,-3,-6,-3,-6,-2,-6,-2,-6,0,0,0,0,0,0,0,0,0,0"
1766018557.8241374,RX,"0,0,0,0,0,0,0,0,0,0,0,0,6,8,6,8,7,8,6,8,6,8,6,7,6,7,6,6,6,6,7,7,6,7,7,6,6,6,6,6,6,5,7,6,7,5,7,5,7,5,7,5,7,4,7,4,7,4,8,4,7,5,7,5,0,0,7,5,8,5,7,5,8,5,7,5,7,5,7,5,7,5,6,5,6,5,6,6,5,5,5,5,5,5,5,6,4,5,4,6,4,5,4,5,3,5,3,5,2,5,2,5,2,5,1,5,1,5,0,0,0,0,0,0,0,0,0,0"
1766018557.831257,RX,"0,0,0,0,0,0,0,0,0,0,0,0,9,-5,9,-5,10,-6,9,-5,9,-5,8,-5,8,-6,8,-6,8,-6,7,-6,8,-5,8,-6,7,-6,7,-6,6,-6,7,-7,6,-7,6,-7,6,-7,6,-7,6,-7,5,-7,5,-7,6,-8,6,-7,6,-8,0,0,6,-8,6,-7,6,-8,6,-8,6,-7,6,-7,6,-7,6,-7,6,-6,6,-6,7,-6,6,-5,6,-5,6,-5,6,-5,6,-4,6,-4,6,-4,6,-4,5,-3,6,-3,5,-3,5,-2,5,-2,5,-1,5,-1,0,0,0,0,0,0,0,0,0,0"
1766018557.839715,RX,"0,0,0,0,0,0,0,0,0,0,0,0,3,-12,1,-11,1,-11,1,-12,-1,-12,0,-11,0,-12,0,-14,0,-15,0,-14,-1,-13,-1,-12,0,-11,0,-11,-2,-12,-2,-12,-3,-12,-4,-12,-5,-13,-5,-14,-4,-15,-3,-15,-2,-14,-2,-13,-2,-14,-1,-12,0,0,-4,-12,-4,-12,-6,-12,-6,-13,-6,-13,-6,-14,-6,-14,-5,-14,-5,-14,-5,-13,-5,-12,-4,-11,-4,-12,-4,-12,-4,-11,-5,-12,-6,-13,-5,-13,-4,-14,-3,-13,-3,-12,-2,-12,-1,-12,-1,-11,0,-10,-1,-10,0,0,0,0,0,0,0,0,0,0"
1766018557.846414,RX,"0,0,0,0,0,0,0,0,0,0,0,0,9,0,7,0,6,1,7,2,8,2,8,4,9,5,9,5,8,5,8,6,8,6,8,7,8,7,8,7,8,5,9,4,10,3,10,3,9,3,8,3,8,3,7,4,5,5,4,5,3,6,1,5,0,0,5,7,5,7,6,8,8,9,10,8,11,8,10,7,8,6,8,5,7,3,5,2,4,1,3,1,2,2,2,3,2,3,2,5,2,6,1,8,2,10,2,10,2,9,3,9,3,9,3,7,3,6,0,0,0,0,0,0,0,0,0,0"
1766018557.924533,RX,"0,0,0,0,0,0,0,0,0,0,0,0,2,-12,1,-11,0,-10,0,-9,2,-9,4,-9,5,-10,7,-10,9,-10,11,-11,11,-10,11,-10,11,-11,9,-12,7,-12,6,-12,5,-13,4,-13,4,-12,5,-11,6,-10,7,-7,7,-4,8,-3,10,-3,11,-2,0,0,11,-3,12,-4,12,-6,12,-7,13,-8,13,-9,13,-9,12,-7,11,-7,8,-6,6,-5,3,-4,3,-3,3,-2,3,0,5,0,7,1,9,3,10,5,11,6,11,7,12,6,12,4,11,3,10,2,10,0,0,0,0,0,0,0,0,0,0,0"
1766018558.0196135,RX,"0,0,0,0,0,0,0,0,0,0,0,0,-3,-2,-3,-2,-2,-1,-2,-1,-2,-1,-2,-2,-2,-2,-2,-2,-2,-3,-1,-3,-1,-4,-1,-4,-1,-4,-1,-3,-1,-3,-1,-3,-2,-3,-2,-3,-2,-3,-2,-3,-1,-3,-1,-3,0,-2,0,-2,1,-2,1,-2,0,0,1,-2,1,-3,1,-3,1,-3,1,-3,1,-3,1,-3,1,-3,0,-3,0,-3,0,-2,0,-2,0,-1,0,-1,0,-1,0,-1,1,-1,1,0,2,0,2,0,2,0,2,0,2,-1,2,-1,1,-1,1,-1,0,0,0,0,0,0,0,0,0,0"
1766018558.035044,RX,"0,0,0,0,0,0,0,0,0,0,0,0,6,-2,6,-1,5,0,5,1,5,1,5,3,6,4,7,4,6,5,5,7,4,8,5,8,5,8,6,8,6,6,5,6,5,6,6,6,7,6,6,5,4,5,2,5,1,6,-1,5,-2,5,-3,6,0,0,-4,7,-3,8,-2,8,-2,9,-1,10,0,10,0,10,0,10,0,8,0,6,0,5,-1,3,0,2,-1,2,-2,1,-3,1,-5,2,-7,3,-8,2,-9,2,-9,3,-10,3,-10,3,-9,4,-7,4,-5,4,0,0,0,0,0,0,0,0,0,0"
1766018560.3157978,RX,"0,0,0,0,0,0,0,0,0,0,0,0,13,16,12,15,11,15,10,14,9,13,8,12,9,11,9,10,8,9,9,8,10,8,9,7,9,8,9,8,8,8,7,7,6,7,6,7,5,6,4,5,4,4,4,4,4,3,5,3,5,2,4,2,0,0,3,2,3,2,2,1,1,0,1,0,0,-1,0,-1,0,-1,0,-2,0,-3,0,-3,0,-3,0,-3,0,-3,0,-4,-1,-4,-1,-4,-1,-4,-1,-4,-1,-3,0,-3,1,-3,1,-3,2,-2,2,-2,3,-2,0,0,0,0,0,0,0,0,0,0"
1766018560.3862286,RX,"0,0,0,0,0,0,0,0,0,0,0,0,-26,3,-24,3,-23,3,-21,2,-20,2,-18,2,-16,2,-16,3,-15,3,-14,4,-14,5,-13,5,-13,5,-12,5,-11,5,-10,5,-9,5,-8,5,-7,4,-5,4,-4,4,-3,3,-3,2,-2,3,-2,3,-2,2,0,0,-2,2,-1,1,-1,1,-1,0,0,0,1,-1,1,-1,2,-1,2,-1,2,-1,2,-1,2,-2,2,-1,1,-2,1,-2,1,-3,1,-3,1,-4,2,-5,2,-5,2,-4,2,-4,2,-4,2,-4,2,-4,3,-4,0,0,0,0,0,0,0,0,0,0"
1766018560.4888182,RX,"0,0,0,0,0,0,0,0,0,0,0,0,-2,-2,-2,-2,-2,-2,-2,-2,-2,-1,-2,-1,-2,-1,-2,-1,-2,-1,-2,-1,-2,-1,-2,-1,-2,-1,-2,-1,-2,-1,-1,-1,-1,-1,-1,-1,-1,-1,-1,-1,-1,-1,-1,-1,-1,-1,-1,-1,-1,-1,-1,-1,0,0,-1,-1,-1,-1,-1,-1,-1,-1,-1,-1,0,-1,0,-1,0,-1,0,-1,0,-1,0,-1,0,0,0,-1,0,-1,0,-1,0,-1,0,-1,0,-1,0,-1,0,-1,0,0,0,0,0,0,0,0,0,0,0,0,0,0,0,0,0,0,0,0,0,0"
1766018560.5177045,RX,"0,0,0,0,0,0,0,0,0,0,0,0,7,-5,6,-4,6,-4,6,-4,6,-4,5,-4,5,-4,5,-4,4,-4,4,-4,4,-4,4,-4,3,-4,4,-4,4,-4,3,-3,3,-3,3,-3,2,-3,2,-3,2,-3,2,-3,1,-3,1,-2,1,-2,1,-2,0,0,0,-1,0,0,0,0,0,0,-1,0,-1,0,-1,0,-2,0,-2,0,-2,-1,-2,0,-2,0,-2,0,-2,0,-2,0,-2,0,-2,0,-2,0,-2,0,-2,0,-2,-1,-2,-1,-2,-1,-2,-1,-2,-1,-2,-2,0,0,0,0,0,0,0,0,0,0"
1766018560.5913868,RX,"0,0,0,0,0,0,0,0,0,0,0,0,2,-1,2,-1,2,-1,2,-1,2,-1,2,-1,2,-1,2,-1,2,-1,1,-1,2,-1,1,-1,1,-1,1,-1,1,-1,1,-1,1,-1,1,-1,1,-1,0,-1,0,-1,0,-1,0,-1,0,-1,0,-1,0,-1,0,0,0,-1,0,-1,0,-1,0,-1,-1,0,-1,0,-1,0,-1,0,-1,0,-1,0,-1,0,-1,0,-1,0,-1,0,-1,0,-1,0,-1,0,-1,0,-1,0,-1,0,-1,0,-1,0,-1,0,-1,0,-1,-1,0,-1,0,0,0,0,0,0,0,0,0,0"
1766018560.7919915,RX,"0,0,0,0,0,0,0,0,0,0,0,0,13,7,12,7,12,7,12,6,11,6,11,5,11,5,11,5,11,4,11,4,11,3,10,3,10,3,9,3,8,3,7,2,7,2,6,2,6,1,6,2,6,1,5,1,5,1,5,1,5,2,5,2,0,0,3,2,2,1,2,1,1,1,1,1,1,0,1,0,1,0,0,0,0,0,0,0,0,0,0,1,-1,0,-1,1,-1,0,-2,0,-2,-1,-2,-1,-2,-2,-1,-2,-1,-2,-1,-2,-1,-2,-1,-2,0,-2,0,0,0,0,0,0,0,0,0,0"
1766018561.1346545,RX,"0,0,0,0,0,0,0,0,0,0,0,0,6,6,6,6,5,6,5,6,5,6,5,6,5,6,5,5,5,5,5,4,5,4,5,3,5,3,5,3,5,2,5,2,4,1,4,1,4,1,4,1,4,0,4,0,3,0,3,0,3,0,3,0,0,0,2,0,2,1,1,1,1,1,1,1,0,0,0,0,-1,0,-1,0,-1,0,-1,0,-1,0,-1,0,-1,0,-1,0,-1,0,-1,0,-1,0,-2,-1,-2,-1,-2,-1,-2,-1,-1,-1,-1,-1,-1,-1,-1,-1,0,0,0,0,0,0,0,0,0,0"
1766018561.2097588,RX,"0,0,0,0,0,0,0,0,0,0,0,0,6,-25,6,-25,6,-24,5,-23,5,-22,4,-21,4,-19,3,-18,2,-17,1,-17,0,-16,0,-15,0,-14,-1,-14,-1,-13,0,-12,1,-11,0,-10,0,-9,0,-8,0,-7,-1,-7,0,-7,-1,-5,-1,-6,-2,-6,0,0,-2,-3,-2,-4,-2,-3,-1,-2,-1,-2,0,-2,0,0,1,0,0,0,1,1,2,1,2,1,2,2,2,2,1,2,2,2,2,2,2,3,1,4,1,4,0,4,0,4,-1,4,-1,4,-2,4,-3,4,0,0,0,0,0,0,0,0,0,0"
1766018561.308322,RX,"0,0,0,0,0,0,0,0,0,0,0,0,4,13,4,13,3,13,3,12,3,12,3,12,2,11,3,11,3,11,3,11,4,10,4,10,4,10,4,9,4,9,4,8,4,8,4,6,3,6,3,6,3,5,3,5,3,4,3,4,3,3,3,3,0,0,2,3,2,2,2,1,1,1,2,1,1,0,2,-1,2,-1,2,-2,1,-2,1,-2,1,-2,1,-2,1,-2,1,-3,1,-3,1,-3,1,-3,1,-3,2,-3,2,-3,2,-2,2,-2,2,-2,2,-2,2,-2,0,0,0,0,0,0,0,0,0,0"
1766018561.337536,RX,"0,0,0,0,0,0,0,0,0,0,0,0,7,4,7,4,7,4,7,4,6,3,6,3,6,2,6,2,6,2,6,2,6,2,5,1,5,1,5,2,5,2,4,1,4,1,4,1,4,1,4,0,3,0,3,0,3,0,3,0,3,0,2,0,0,0,2,-1,1,-1,1,-1,1,-1,1,-1,0,-1,0,-1,0,-1,0,-1,0,-1,0,-1,0,-1,-1,-1,-1,-1,-1,-1,-1,-1,-1,-1,-1,-1,-1,-2,-1,-2,0,-2,0,-2,0,-2,0,-2,0,-2,1,-2,0,0,0,0,0,0,0,0,0,0"
1766018561.3535192,RX,"0,0,0,0,0,0,0,0,0,0,0,0,1,8,1,8,2,8,2,8,2,7,2,7,2,7,2,6,2,7,2,6,2,6,2,6,1,6,1,6,1,5,1,5,1,5,1,5,1,4,1,4,1,4,0,3,0,3,0,3,-1,2,-1,2,0,0,-1,2,-1,2,-1,2,0,2,0,1,0,1,0,1,1,1,1,1,1,0,1,0,1,0,1,0,1,0,1,-1,1,-1,1,-1,1,-1,1,-1,1,-1,2,-1,2,0,2,0,2,0,2,0,1,1,0,0,0,0,0,0,0,0,0,0"
1766018561.616935,RX,"0,0,0,0,0,0,0,0,0,0,0,0,18,8,17,8,16,8,16,8,15,7,14,6,14,5,14,5,14,4,14,3,14,3,14,3,13,3,13,2,11,2,9,2,8,1,7,0,6,0,5,-1,4,-2,3,-2,3,-2,3,-2,3,-2,2,-1,0,0,1,0,1,1,1,1,0,1,-1,1,-1,1,-2,1,-2,1,-2,1,-3,0,-4,0,-4,0,-4,1,-3,0,-3,0,-3,0,-3,0,-3,-1,-3,-1,-3,-2,-2,-2,-2,-3,-2,-3,-2,-3,-2,-3,-2,-3,0,0,0,0,0,0,0,0,0,0"
1766018561.7274654,RX,"0,0,0,0,0,0,0,0,0,0,0,0,4,9,3,9,3,8,3,8,3,8,2,7,2,7,2,7,2,6,2,6,2,6,2,6,2,5,2,5,2,4,2,4,1,3,1,3,1,3,1,2,1,2,1,2,0,2,0,1,0,1,0,1,0,0,0,0,-1,0,-1,-1,-1,-1,-1,-1,-1,-1,-1,-2,-1,-2,-1,-2,-1,-2,-1,-2,0,-3,0,-3,0,-3,-1,-3,-1,-3,-1,-3,-1,-2,-1,-3,0,-3,0,-3,0,-3,0,-2,0,-3,1,-3,1,-3,0,0,0,0,0,0,0,0,0,0"
1766018561.8224359,RX,"0,0,0,0,0,0,0,0,0,0,0,0,3,-10,3,-10,3,-9,2,-9,2,-8,2,-8,1,-8,0,-7,0,-7,0,-7,-1,-6,-1,-6,-1,-6,-1,-6,-1,-5,-1,-4,-1,-4,-1,-4,-1,-3,-2,-3,-2,-2,-2,-2,-2,-2,-2,-1,-2,-1,-1,-1,0,0,0,-1,0,-1,0,-1,1,0,1,0,1,0,1,0,1,0,1,1,1,1,2,1,2,1,2,1,2,0,2,0,2,0,3,0,3,0,3,0,2,0,2,0,2,0,2,0,2,1,2,1,1,1,0,0,0,0,0,0,0,0,0,0"
1766018561.8414695,RX,"0,0,0,0,0,0,0,0,0,0,0,0,7,7,7,6,8,6,8,6,7,6,8,6,7,5,7,5,7,5,6,5,6,5,5,5,5,4,5,4,4,3,4,3,4,2,3,2,3,1,3,1,2,0,1,0,1,0,1,0,1,0,0,0,0,0,-1,-1,-2,-1,-2,-1,-2,-2,-3,-2,-3,-2,-3,-2,-3,-3,-4,-3,-3,-3,-3,-3,-3,-3,-3,-3,-3,-3,-3,-3,-3,-3,-3,-3,-3,-3,-3,-3,-2,-3,-2,-3,-2,-3,-1,-4,-1,-4,0,-4,0,-4,0,0,0,0,0,0,0,0,0,0"
1766018561.8625839,RX,"0,0,0,0,0,0,0,0,0,0,0,0,-7,13,-7,12,-6,11,-6,11,-5,10,-5,9,-4,9,-4,8,-3,8,-3,8,-3,7,-3,7,-2,6,-2,6,-2,5,-2,5,-2,4,-2,4,-1,3,-1,3,-1,3,-1,2,-1,2,-1,1,-1,1,-1,0,0,0,-1,-1,-1,-1,0,-2,0,-2,0,-3,0,-3,1,-3,1,-4,1,-4,1,-4,1,-4,1,-3,1,-4,1,-4,1,-4,1,-4,1,-4,1,-4,1,-4,1,-4,1,-4,2,-3,2,-3,2,-3,2,-3,3,-2,0,0,0,0,0,0,0,0,0,0"
1766018561.9321537,RX,"0,0,0,0,0,0,0,0,0,0,0,0,-7,4,-7,4,-7,4,-7,4,-7,4,-6,4,-6,3,-6,4,-5,4,-5,3,-5,3,-5,3,-4,2,-4,2,-4,2,-3,2,-3,2,-3,2,-2,2,-2,2,-1,1,-1,1,-1,1,-1,1,-1,0,-1,0,0,0,0,-1,0,-1,0,-1,0,-2,1,-2,1,-2,1,-1,1,-2,1,-1,1,-1,1,-1,2,-1,2,-1,2,-1,2,-1,2,-1,2,-1,2,-1,2,-1,2,-1,2,-1,2,0,2,0,2,0,1,1,1,1,0,0,0,0,0,0,0,0,0,0"
1766018561.949603,RX,"0,0,0,0,0,0,0,0,0,0,0,0,-3,9,-3,9,-3,8,-2,8,-2,7,-1,7,-1,7,0,6,0,6,1,6,1,5,1,5,1,4,1,4,1,3,1,3,1,3,1,2,1,1,1,1,1,1,1,1,1,0,0,0,0,-1,0,-1,0,0,-1,-1,-1,-1,-1,-1,-2,-1,-2,-1,-2,-1,-3,-1,-3,-1,-3,-1,-3,-1,-3,-1,-3,-1,-3,-1,-3,-1,-3,-1,-3,-1,-3,-1,-3,-1,-3,0,-3,0,-3,0,-3,0,-3,-1,-3,-1,-3,-1,-2,-1,0,0,0,0,0,0,0,0,0,0"
1766018562.057759,RX,"0,0,0,0,0,0,0,0,0,0,0,0,-19,-11,-19,-10,-17,-9,-16,-9,-15,-8,-15,-8,-14,-7,-13,-7,-12,-6,-11,-6,-10,-7,-10,-7,-9,-7,-8,-7,-6,-6,-5,-6,-5,-6,-4,-5,-3,-5,-3,-4,-2,-3,-3,-3,-2,-2,-2,-2,-2,-2,-1,-2,0,0,0,-1,0,-1,0,0,0,1,-1,1,-1,2,-2,3,-2,3,-3,4,-3,4,-4,4,-3,4,-3,4,-3,4,-3,4,-4,4,-4,4,-3,3,-4,3,-4,2,-4,1,-4,1,-3,0,-3,0,-3,-1,-3,-1,0,0,0,0,0,0,0,0,0,0"
1766018562.1325397,RX,"0,0,0,0,0,0,0,0,0,0,0,0,-12,9,-11,8,-10,8,-10,8,-9,7,-8,7,-7,7,-6,7,-5,7,-5,7,-4,8,-4,7,-3,7,-2,6,-3,6,-2,5,-3,4,-2,4,-2,3,-2,3,-1,3,-1,2,-1,2,-1,1,0,1,-1,1,0,0,-1,-1,-1,-1,-1,-2,-1,-2,-1,-3,-1,-3,-2,-3,-1,-3,-1,-3,-1,-3,-1,-3,-1,-3,-2,-3,-2,-3,-2,-4,-1,-4,-1,-4,-1,-4,-1,-3,-1,-3,0,-3,0,-3,1,-2,1,-2,1,-1,1,-1,0,0,0,0,0,0,0,0,0,0"
1766018562.1596708,RX,"0,0,0,0,0,0,0,0,0,0,0,0,0,8,0,8,0,7,0,7,0,6,1,6,1,5,2,4,2,4,2,4,2,4,2,3,2,3,2,3,2,2,1,2,1,2,1,1,1,1,1,1,1,1,1,0,1,0,1,0,1,0,0,0,0,0,0,0,-1,0,-1,0,-1,-1,-1,-1,-2,-1,-2,-1,-2,-1,-2,-1,-2,-1,-2,-1,-2,-1,-2,-1,-2,-1,-2,-1,-2,-1,-2,-1,-3,-1,-3,-1,-3,-1,-2,-1,-2,-1,-2,-1,-2,-1,-2,-1,-2,-2,0,0,0,0,0,0,0,0,0,0"
1766018562.1773415,RX,"0,0,0,0,0,0,0,0,0,0,0,0,-3,-8,-3,-8,-3,-7,-3,-7,-3,-6,-3,-6,-3,-5,-3,-5,-3,-4,-3,-4,-3,-4,-3,-4,-3,-4,-3,-3,-2,-3,-2,-3,-2,-3,-2,-2,-2,-2,-1,-1,-1,-1,-1,-1,-1,-1,-1,-1,-1,-1,-1,-1,0,0,-1,-1,0,-1,0,-1,0,-1,0,0,0,0,0,0,1,0,1,0,1,0,1,1,1,1,1,0,1,0,1,1,1,1,1,1,1,1,1,1,1,0,1,0,0,1,0,1,0,1,0,0,0,0,0,0,0,0,0,0,0,0,0,0"
1766018562.19524,RX,"0,0,0,0,0,0,0,0,0,0,0,0,9,-1,8,-1,8,-1,7,-1,6,-1,6,-1,5,-1,5,-2,5,-2,4,-2,4,-1,4,-1,4,-1,4,-2,3,-1,3,-1,3,-1,2,-1,2,-1,2,-1,1,-1,1,0,0,0,0,0,0,0,0,0,0,0,-1,0,-2,0,-2,0,-2,0,-2,0,-2,0,-2,0,-2,0,-2,0,-2,0,-2,0,-2,0,-3,0,-3,0,-3,-1,-3,-1,-3,-1,-2,-1,-2,-1,-2,-1,-2,-2,-2,-2,-1,-2,-1,-1,-1,-1,-1,-1,0,0,0,0,0,0,0,0,0,0"
1766018562.334381,RX,"0,0,0,0,0,0,0,0,0,0,0,0,-8,-10,-8,-9,-8,-9,-8,-9,-8,-8,-8,-7,-7,-5,-7,-4,-7,-4,-7,-3,-7,-2,-7,-2,-6,-1,-5,-1,-5,-1,-5,0,-4,0,-3,0,-3,1,-2,1,-2,1,-2,2,-2,2,-2,1,-2,1,-2,1,0,0,-1,-1,-1,-2,0,-2,0,-3,0,-3,1,-3,1,-4,0,-4,1,-4,0,-4,0,-4,0,-4,0,-4,0,-4,0,-4,0,-4,0,-4,0,-4,-1,-5,0,-5,0,-5,-1,-5,0,-4,0,-5,0,-5,0,-4,0,0,0,0,0,0,0,0,0,0"
1766018562.3625154,RX,"0,0,0,0,0,0,0,0,0,0,0,0,6,3,6,3,5,2,5,2,5,2,4,1,4,1,4,1,4,1,4,1,4,1,3,0,4,1,3,0,3,0,2,0,2,0,2,0,1,0,1,-1,1,-1,1,-1,1,-1,1,-1,1,-1,1,-1,0,0,0,-1,0,-1,0,-1,-1,-1,-1,-1,-1,-1,-1,-1,-2,-1,-2,-1,-2,-1,-2,-1,-3,-1,-3,-2,-3,-2,-3,-2,-3,-2,-3,-2,-3,-2,-2,-2,-2,-2,-2,-2,-2,-2,-2,-2,-1,-2,-1,-2,-1,-2,0,0,0,0,0,0,0,0,0,0"
1766018562.4379451,RX,"0,0,0,0,0,0,0,0,0,0,0,0,-18,-9,-17,-9,-17,-9,-16,-8,-16,-8,-15,-7,-15,-6,-14,-6,-13,-6,-13,-5,-13,-4,-12,-4,-11,-4,-11,-3,-10,-3,-8,-2,-8,-1,-7,0,-6,0,-6,0,-6,0,-5,0,-5,1,-4,0,-4,0,-3,0,0,0,-1,-1,1,-1,2,0,3,0,3,0,3,0,3,0,3,1,4,0,4,1,4,1,4,1,5,2,5,2,6,2,6,2,6,2,6,2,6,3,6,3,5,3,5,2,4,2,4,3,3,3,3,2,0,0,0,0,0,0,0,0,0,0"
